Location ID,Depth Top,Depth Base,Geology Code,Location Code
HA12-1,0.0,9.0,FILL,2013-0228-HAI-BBF-GeotechRpt-F.pdf
HA12-1,9.0,26.0, MARINE CLAY DEPOSITS,2013-0228-HAI-BBF-GeotechRpt-F.pdf
HA12-1,26.0,60.0,GLACIOFLUVIAL (SAND) DEPOSITS,2013-0228-HAI-BBF-GeotechRpt-F.pdf
HA12-1,60.0,90.5,GLACIAL TILL,2013-0228-HAI-BBF-GeotechRpt-F.pdf
HA12-1,90.5,106,BEDROCK,2013-0228-HAI-BBF-GeotechRpt-F.pdf
HA12-1A,0.0,12.0,FILL,2013-0228-HAI-BBF-GeotechRpt-F.pdf
HA12-1A,12.0,24.0, MARINE CLAY DEPOSITS,2013-0228-HAI-BBF-GeotechRpt-F.pdf
HA12-1A,24.0,64.0,GLACIOFLUVIAL (SAND) DEPOSITS,2013-0228-HAI-BBF-GeotechRpt-F.pdf
HA12-1A,64.0,90.7,GLACIAL TILL,2013-0228-HAI-BBF-GeotechRpt-F.pdf
HA12-1A,90.7,94,BEDROCK,2013-0228-HAI-BBF-GeotechRpt-F.pdf
HA12-3,0.0,14.0,FILL,2013-0228-HAI-BBF-GeotechRpt-F.pdf
HA12-3,14.0,26.0, MARINE CLAY DEPOSITS,2013-0228-HAI-BBF-GeotechRpt-F.pdf
HA12-3,26.0,50.0,GLACIOFLUVIAL (SAND) DEPOSITS,2013-0228-HAI-BBF-GeotechRpt-F.pdf
HA12-3,50.0,87.0,GLACIAL TILL,2013-0228-HAI-BBF-GeotechRpt-F.pdf
HA12-3,87.0,94,BEDROCK,2013-0228-HAI-BBF-GeotechRpt-F.pdf
HA12-4,0.0,7.5,FILL,2013-0228-HAI-BBF-GeotechRpt-F.pdf
HA12-4,7.5,29.0, MARINE CLAY DEPOSITS,2013-0228-HAI-BBF-GeotechRpt-F.pdf
HA12-4,29.0,50.0,GLACIOFLUVIAL (SAND) DEPOSITS,2013-0228-HAI-BBF-GeotechRpt-F.pdf
HA12-4,50.0,83.0,GLACIAL TILL,2013-0228-HAI-BBF-GeotechRpt-F.pdf
HA12-4,83.0,100.5,BEDROCK,2013-0228-HAI-BBF-GeotechRpt-F.pdf
HA12-5,0.0,9.0,FILL,2013-0228-HAI-BBF-GeotechRpt-F.pdf
HA12-5,9.0,14.0,ORGANIC DEPOSITS,2013-0228-HAI-BBF-GeotechRpt-F.pdf
HA12-5,14.0,38.0, MARINE CLAY DEPOSITS,2013-0228-HAI-BBF-GeotechRpt-F.pdf
HA12-5,38.0,65.5,GLACIOFLUVIAL (SAND) DEPOSITS,2013-0228-HAI-BBF-GeotechRpt-F.pdf
HA12-5,65.5,89.0,GLACIAL TILL,2013-0228-HAI-BBF-GeotechRpt-F.pdf
HA12-5,89.0,92.5,BEDROCK,2013-0228-HAI-BBF-GeotechRpt-F.pdf
HA12-5A,0.0,10,FILL,2013-0228-HAI-BBF-GeotechRpt-F.pdf
HA12-6,0.0,4.5,FILL,2013-0228-HAI-BBF-GeotechRpt-F.pdf
HA12-6,4.5,23.0, MARINE CLAY DEPOSITS,2013-0228-HAI-BBF-GeotechRpt-F.pdf
HA12-6,23.0,60.0,GLACIOFLUVIAL (SAND) DEPOSITS,2013-0228-HAI-BBF-GeotechRpt-F.pdf
HA12-6,60.0,92.0,GLACIAL TILL,2013-0228-HAI-BBF-GeotechRpt-F.pdf
HA12-6,92.0,99,BEDROCK,2013-0228-HAI-BBF-GeotechRpt-F.pdf
HA12-9A,0.0,13.0,FILL,2013-0228-HAI-BBF-GeotechRpt-F.pdf
HA12-9A,13.0,22.0,ORGANIC DEPOSITS,2013-0228-HAI-BBF-GeotechRpt-F.pdf
HA12-9A,22.0,34.0,MARINE SAND DEPOSITS,2013-0228-HAI-BBF-GeotechRpt-F.pdf
HA12-9A,34.0,61.0,GLACIOFLUVIAL (SAND) DEPOSITS,2013-0228-HAI-BBF-GeotechRpt-F.pdf
HA12-9A,61.0,87.5,GLACIAL TILL,2013-0228-HAI-BBF-GeotechRpt-F.pdf
HA12-9A,87.5,94,BEDROCK,2013-0228-HAI-BBF-GeotechRpt-F.pdf
HA12-12,0.0,20.0,FILL,2013-0228-HAI-BBF-GeotechRpt-F.pdf
HA12-12,20.0,38.0, MARINE CLAY DEPOSITS,2013-0228-HAI-BBF-GeotechRpt-F.pdf
HA12-12,38.0,53.0,GLACIOFLUVIAL (SAND) DEPOSITS,2013-0228-HAI-BBF-GeotechRpt-F.pdf
HA12-12,53.0,88.0,GLACIAL TILL,2013-0228-HAI-BBF-GeotechRpt-F.pdf
HA12-12,88.0,94.1,BEDROCK,2013-0228-HAI-BBF-GeotechRpt-F.pdf
HA12-13,0.0,11.5,FILL,2013-0228-HAI-BBF-GeotechRpt-F.pdf
HA12-13,11.5,14.0, MARINE CLAY DEPOSITS,2013-0228-HAI-BBF-GeotechRpt-F.pdf
HA12-13,14.0,59.0,GLACIOFLUVIAL (SAND) DEPOSITS,2013-0228-HAI-BBF-GeotechRpt-F.pdf
HA12-13,59.0,80.0,GLACIAL TILL,2013-0228-HAI-BBF-GeotechRpt-F.pdf
HA12-13,80.0,99,BEDROCK,2013-0228-HAI-BBF-GeotechRpt-F.pdf
HA12-13A,0.0,11.5,FILL,2013-0228-HAI-BBF-GeotechRpt-F.pdf
HA12-13A,11.5,14.0, MARINE CLAY DEPOSITS,2013-0228-HAI-BBF-GeotechRpt-F.pdf
HA12-13A,14.0,62.0,GLACIOFLUVIAL (SAND) DEPOSITS,2013-0228-HAI-BBF-GeotechRpt-F.pdf
HA12-13A,62.0,85.0,GLACIAL TILL,2013-0228-HAI-BBF-GeotechRpt-F.pdf
HA12-13A,85.0,102,BEDROCK,2013-0228-HAI-BBF-GeotechRpt-F.pdf
HA12-14,0.0,3.0,FILL,2013-0228-HAI-BBF-GeotechRpt-F.pdf
HA12-14,3.0,27.5, MARINE CLAY DEPOSITS,2013-0228-HAI-BBF-GeotechRpt-F.pdf
HA12-14,27.5,57.5,GLACIOFLUVIAL (SAND) DEPOSITS,2013-0228-HAI-BBF-GeotechRpt-F.pdf
HA12-14,57.5,79.0,GLACIAL TILL,2013-0228-HAI-BBF-GeotechRpt-F.pdf
HA12-14,79.0,86,BEDROCK,2013-0228-HAI-BBF-GeotechRpt-F.pdf
HA12-16,0.0,24.0,FILL,2013-0228-HAI-BBF-GeotechRpt-F.pdf
HA12-16,24.0,55.0,GLACIOFLUVIAL (SAND) DEPOSITS,2013-0228-HAI-BBF-GeotechRpt-F.pdf
HA12-16,55.0,82.5,GLACIAL TILL,2013-0228-HAI-BBF-GeotechRpt-F.pdf
HA12-16,82.5,101,BEDROCK,2013-0228-HAI-BBF-GeotechRpt-F.pdf
HA13-1,0.0,3.0,FILL,2013-0228-HAI-BBF-GeotechRpt-F.pdf
HA13-1,3.0,10, MARINE CLAY DEPOSITS,2013-0228-HAI-BBF-GeotechRpt-F.pdf
HA13-2,0.0,2.5,FILL,2013-0228-HAI-BBF-GeotechRpt-F.pdf
HA13-2,2.5,10, MARINE CLAY DEPOSITS,2013-0228-HAI-BBF-GeotechRpt-F.pdf
HA-B101,0.0,8.0,FILL,2013-0228-HAI-BBF-GeotechRpt-F.pdf
HA-B101,8.0,10.0,ORGANIC DEPOSITS,2013-0228-HAI-BBF-GeotechRpt-F.pdf
HA-B101,10.0,12, MARINE CLAY DEPOSITS,2013-0228-HAI-BBF-GeotechRpt-F.pdf
HA-B102,0.0,9.0,FILL,2013-0228-HAI-BBF-GeotechRpt-F.pdf
HA-B102,9.0,12, MARINE CLAY DEPOSITS,2013-0228-HAI-BBF-GeotechRpt-F.pdf
UST-1,0.0,10.0,FILL,2013-0228-HAI-BBF-GeotechRpt-F.pdf
UST-1,10.0,15.5,ORGANIC DEPOSITS,2013-0228-HAI-BBF-GeotechRpt-F.pdf
UST-1,15.5,27, MARINE CLAY DEPOSITS,2013-0228-HAI-BBF-GeotechRpt-F.pdf
UST-2,0.0,17.4,FILL,2013-0228-HAI-BBF-GeotechRpt-F.pdf
UST-2,17.4,27,GLACIOFLUVIAL (SAND) DEPOSITS,2013-0228-HAI-BBF-GeotechRpt-F.pdf
Boring 1,0.0,8.0,FILL,2013-0228-HAI-BBF-GeotechRpt-F.pdf
Boring 1,8.0,30.0, MARINE CLAY DEPOSITS,2013-0228-HAI-BBF-GeotechRpt-F.pdf
Boring 1,30.0,40.0,GLACIOFLUVIAL (SAND) DEPOSITS,2013-0228-HAI-BBF-GeotechRpt-F.pdf
Boring 1,40.0,77,GLACIAL TILL,2013-0228-HAI-BBF-GeotechRpt-F.pdf
Boring 2-OW,0.0,14.5,FILL,2013-0228-HAI-BBF-GeotechRpt-F.pdf
Boring 2-OW,14.5,19.0,ORGANIC DEPOSITS,2013-0228-HAI-BBF-GeotechRpt-F.pdf
Boring 2-OW,19.0,45.0, MARINE CLAY DEPOSITS,2013-0228-HAI-BBF-GeotechRpt-F.pdf
Boring 2-OW,45.0,58.0,GLACIOFLUVIAL (SAND) DEPOSITS,2013-0228-HAI-BBF-GeotechRpt-F.pdf
Boring 2-OW,58.0,62,GLACIAL TILL,2013-0228-HAI-BBF-GeotechRpt-F.pdf
Boring 3,0.0,5.0,FILL,2013-0228-HAI-BBF-GeotechRpt-F.pdf
Boring 3,5.0,8.5, MARINE CLAY DEPOSITS,2013-0228-HAI-BBF-GeotechRpt-F.pdf
Boring 3,8.5,58.5,GLACIOFLUVIAL (SAND) DEPOSITS,2013-0228-HAI-BBF-GeotechRpt-F.pdf
Boring 3,58.5,70,GLACIAL TILL,2013-0228-HAI-BBF-GeotechRpt-F.pdf
Boring 1,0.0,8.0,FILL,2011-0830-HAI-BG-Supplemental Geotech Data-F.pdf
Boring 1,8.0,14.0, MARINE CLAY DEPOSITS,2011-0830-HAI-BG-Supplemental Geotech Data-F.pdf
Boring 1,14.0,18.5,GLACIOFLUVIAL (SAND) DEPOSITS,2011-0830-HAI-BG-Supplemental Geotech Data-F.pdf
Boring 1,18.5,24.0,GLACIAL TILL,2011-0830-HAI-BG-Supplemental Geotech Data-F.pdf
Boring 1,24.0,56,BEDROCK,2011-0830-HAI-BG-Supplemental Geotech Data-F.pdf
Boring 2,0.0,5.0,FILL,2011-0830-HAI-BG-Supplemental Geotech Data-F.pdf
Boring 2,5.0,8.5, MARINE CLAY DEPOSITS,2011-0830-HAI-BG-Supplemental Geotech Data-F.pdf
Boring 2,8.5,20.0,GLACIOFLUVIAL (SAND) DEPOSITS,2011-0830-HAI-BG-Supplemental Geotech Data-F.pdf
Boring 2,20.0,29.0,GLACIAL TILL,2011-0830-HAI-BG-Supplemental Geotech Data-F.pdf
Boring 2,29.0,44,BEDROCK,2011-0830-HAI-BG-Supplemental Geotech Data-F.pdf
Boring 3,0.0,1.0,FILL,2011-0830-HAI-BG-Supplemental Geotech Data-F.pdf
Boring 3,1.0,11.5, MARINE CLAY DEPOSITS,2011-0830-HAI-BG-Supplemental Geotech Data-F.pdf
Boring 3,11.5,23.5,GLACIOFLUVIAL (SAND) DEPOSITS,2011-0830-HAI-BG-Supplemental Geotech Data-F.pdf
Boring 3,23.5,31.0,GLACIAL TILL,2011-0830-HAI-BG-Supplemental Geotech Data-F.pdf
Boring 3,31.0,38,BEDROCK,2011-0830-HAI-BG-Supplemental Geotech Data-F.pdf
Boring 4 ,0.0,14.5,FILL,2011-0830-HAI-BG-Supplemental Geotech Data-F.pdf
Boring 4 ,14.5,30.5,GLACIAL TILL,2011-0830-HAI-BG-Supplemental Geotech Data-F.pdf
Boring 4 ,30.5,35.5,BEDROCK,2011-0830-HAI-BG-Supplemental Geotech Data-F.pdf
HA-A1,0.0,1.0,FILL,2011-0830-HAI-BG-Supplemental Geotech Data-F.pdf
HA-A1,1.0,13.5, MARINE CLAY DEPOSITS,2011-0830-HAI-BG-Supplemental Geotech Data-F.pdf
HA-A1,13.5,33.2,GLACIAL TILL,2011-0830-HAI-BG-Supplemental Geotech Data-F.pdf
HA-A1,33.2,34,BEDROCK,2011-0830-HAI-BG-Supplemental Geotech Data-F.pdf
HA-A3,0.0,12.3,FILL,2011-0830-HAI-BG-Supplemental Geotech Data-F.pdf
HA-A3,12.3,21.0, MARINE CLAY DEPOSITS,2011-0830-HAI-BG-Supplemental Geotech Data-F.pdf
HA-A3,21.0,24.0,GLACIOFLUVIAL (SAND) DEPOSITS,2011-0830-HAI-BG-Supplemental Geotech Data-F.pdf
HA-A3,24.0,48.5,GLACIAL TILL,2011-0830-HAI-BG-Supplemental Geotech Data-F.pdf
HA-A3,48.5,59,BEDROCK,2011-0830-HAI-BG-Supplemental Geotech Data-F.pdf
HA-B1,0.0,0.3,FILL,2011-0830-HAI-BG-Supplemental Geotech Data-F.pdf
HA-B1,0.3,9.2, MARINE CLAY DEPOSITS,2011-0830-HAI-BG-Supplemental Geotech Data-F.pdf
HA-B1,9.2,23.3,GLACIAL TILL,2011-0830-HAI-BG-Supplemental Geotech Data-F.pdf
HA-B1,23.3,25,BEDROCK,2011-0830-HAI-BG-Supplemental Geotech Data-F.pdf
HA-B2,0.0,4.0,FILL,2011-0830-HAI-BG-Supplemental Geotech Data-F.pdf
HA-B2,4.0,17.0, MARINE CLAY DEPOSITS,2011-0830-HAI-BG-Supplemental Geotech Data-F.pdf
HA-B2,17.0,39.0,GLACIAL TILL,2011-0830-HAI-BG-Supplemental Geotech Data-F.pdf
HA-B2,39.0,40.5,BEDROCK,2011-0830-HAI-BG-Supplemental Geotech Data-F.pdf
HA-B3 (MW-BR),0.0,0.9,FILL,2011-0830-HAI-BG-Supplemental Geotech Data-F.pdf
HA-B3 (MW-BR),0.9,16.0, MARINE CLAY DEPOSITS,2011-0830-HAI-BG-Supplemental Geotech Data-F.pdf
HA-B3 (MW-BR),16.0,28.8,GLACIAL TILL,2011-0830-HAI-BG-Supplemental Geotech Data-F.pdf
HA-B3 (MW-BR),28.8,45,BEDROCK,2011-0830-HAI-BG-Supplemental Geotech Data-F.pdf
HA-B4,0.0,2.0,FILL,2011-0830-HAI-BG-Supplemental Geotech Data-F.pdf
HA-B4,2.0,9.5, MARINE CLAY DEPOSITS,2011-0830-HAI-BG-Supplemental Geotech Data-F.pdf
HA-B4,9.5,18.8,GLACIAL TILL,2011-0830-HAI-BG-Supplemental Geotech Data-F.pdf
HA-B4,18.8,20,BEDROCK,2011-0830-HAI-BG-Supplemental Geotech Data-F.pdf
HA-C1 (MW-BR),0.0,4.0,FILL,2011-0830-HAI-BG-Supplemental Geotech Data-F.pdf
HA-C1 (MW-BR),4.0,9.5, MARINE CLAY DEPOSITS,2011-0830-HAI-BG-Supplemental Geotech Data-F.pdf
HA-C1 (MW-BR),9.5,14.0,GLACIOFLUVIAL (SAND) DEPOSITS,2011-0830-HAI-BG-Supplemental Geotech Data-F.pdf
HA-C1 (MW-BR),14.0,26.5,GLACIAL TILL,2011-0830-HAI-BG-Supplemental Geotech Data-F.pdf
HA-C1 (MW-BR),26.5,43,BEDROCK,2011-0830-HAI-BG-Supplemental Geotech Data-F.pdf
HA-C2,0.0,1.5,FILL,2011-0830-HAI-BG-Supplemental Geotech Data-F.pdf
HA-C2,1.5,12.0, MARINE CLAY DEPOSITS,2011-0830-HAI-BG-Supplemental Geotech Data-F.pdf
HA-C2,12.0,16.0,GLACIOFLUVIAL (SAND) DEPOSITS,2011-0830-HAI-BG-Supplemental Geotech Data-F.pdf
HA-C2,16.0,27.8,GLACIAL TILL,2011-0830-HAI-BG-Supplemental Geotech Data-F.pdf
HA-C2,27.8,29,BEDROCK,2011-0830-HAI-BG-Supplemental Geotech Data-F.pdf
HA-C3,0.0,2.5,FILL,2011-0830-HAI-BG-Supplemental Geotech Data-F.pdf
HA-C3,2.5,11.5, MARINE CLAY DEPOSITS,2011-0830-HAI-BG-Supplemental Geotech Data-F.pdf
HA-C3,11.5,17.5,GLACIOFLUVIAL (SAND) DEPOSITS,2011-0830-HAI-BG-Supplemental Geotech Data-F.pdf
HA-C3,17.5,24.5,GLACIAL TILL,2011-0830-HAI-BG-Supplemental Geotech Data-F.pdf
HA-C3,24.5,26,BEDROCK,2011-0830-HAI-BG-Supplemental Geotech Data-F.pdf
HA-C4 (OW-D),0.0,2.0,FILL,2011-0830-HAI-BG-Supplemental Geotech Data-F.pdf
HA-C4 (OW-D),2.0,7.0, MARINE CLAY DEPOSITS,2011-0830-HAI-BG-Supplemental Geotech Data-F.pdf
HA-C4 (OW-D),7.0,14.0,GLACIOFLUVIAL (SAND) DEPOSITS,2011-0830-HAI-BG-Supplemental Geotech Data-F.pdf
HA-C4 (OW-D),14.0,19.0,GLACIAL TILL,2011-0830-HAI-BG-Supplemental Geotech Data-F.pdf
HA-C4 (OW-D),19.0,36,BEDROCK,2011-0830-HAI-BG-Supplemental Geotech Data-F.pdf
HA-D1,0.0,6.0,FILL,2011-0830-HAI-BG-Supplemental Geotech Data-F.pdf
HA-D1,6.0,9.5, MARINE CLAY DEPOSITS,2011-0830-HAI-BG-Supplemental Geotech Data-F.pdf
HA-D1,9.5,19.5,GLACIOFLUVIAL (SAND) DEPOSITS,2011-0830-HAI-BG-Supplemental Geotech Data-F.pdf
HA-D1,19.5,26.0,GLACIAL TILL,2011-0830-HAI-BG-Supplemental Geotech Data-F.pdf
HA-D1,26.0,27.5,BEDROCK,2011-0830-HAI-BG-Supplemental Geotech Data-F.pdf
HA-D2,0.0,1.0,FILL,2011-0830-HAI-BG-Supplemental Geotech Data-F.pdf
HA-D2,1.0,9.0, MARINE CLAY DEPOSITS,2011-0830-HAI-BG-Supplemental Geotech Data-F.pdf
HA-D2,9.0,22.0,GLACIOFLUVIAL (SAND) DEPOSITS,2011-0830-HAI-BG-Supplemental Geotech Data-F.pdf
HA-D2,22.0,34.0,GLACIAL TILL,2011-0830-HAI-BG-Supplemental Geotech Data-F.pdf
HA-D2,34.0,38.0,WEATHERED BEDROCK,2011-0830-HAI-BG-Supplemental Geotech Data-F.pdf
HA-D2,38.0,48,BEDROCK,2011-0830-HAI-BG-Supplemental Geotech Data-F.pdf
HA-D3,0.0,0.3,FILL,2011-0830-HAI-BG-Supplemental Geotech Data-F.pdf
HA-D3,0.3,8.0, MARINE CLAY DEPOSITS,2011-0830-HAI-BG-Supplemental Geotech Data-F.pdf
HA-D3,8.0,18.0,GLACIOFLUVIAL (SAND) DEPOSITS,2011-0830-HAI-BG-Supplemental Geotech Data-F.pdf
HA-D3,18.0,18.5,BEDROCK,2011-0830-HAI-BG-Supplemental Geotech Data-F.pdf
HA-D4,0.0,2.0,FILL,2011-0830-HAI-BG-Supplemental Geotech Data-F.pdf
HA-D4,2.0,9.0, MARINE CLAY DEPOSITS,2011-0830-HAI-BG-Supplemental Geotech Data-F.pdf
HA-D4,9.0,19.5,GLACIOFLUVIAL (SAND) DEPOSITS,2011-0830-HAI-BG-Supplemental Geotech Data-F.pdf
HA-D4,19.5,22.5,GLACIAL TILL,2011-0830-HAI-BG-Supplemental Geotech Data-F.pdf
HA-D4,22.5,24,BEDROCK,2011-0830-HAI-BG-Supplemental Geotech Data-F.pdf
HA-100,0.0,6,FILL,2011-0830-HAI-BG-Supplemental Geotech Data-F.pdf
HA-101,0.0,6,FILL,2011-0830-HAI-BG-Supplemental Geotech Data-F.pdf
HA09-1,0.0,8.5,FILL,2010-0505-HAI-Binney St Geotech Memo_F.pdf
HA09-1,8.5,44.5, MARINE CLAY DEPOSITS,2010-0505-HAI-Binney St Geotech Memo_F.pdf
HA09-1,44.5,67,GLACIOFLUVIAL (SAND) DEPOSITS,2010-0505-HAI-Binney St Geotech Memo_F.pdf
HA09-2 (OW) ,0.0,8.5,FILL,2010-0505-HAI-Binney St Geotech Memo_F.pdf
HA09-2 (OW) ,8.5,35.0, MARINE CLAY DEPOSITS,2010-0505-HAI-Binney St Geotech Memo_F.pdf
HA09-2 (OW) ,35.0,52,GLACIOFLUVIAL (SAND) DEPOSITS,2010-0505-HAI-Binney St Geotech Memo_F.pdf
HA09-3,0.0,4.5,FILL,2010-0505-HAI-Binney St Geotech Memo_F.pdf
HA09-3,4.5,14.5, MARINE CLAY DEPOSITS,2010-0505-HAI-Binney St Geotech Memo_F.pdf
HA09-3,14.5,42,GLACIOFLUVIAL (SAND) DEPOSITS,2010-0505-HAI-Binney St Geotech Memo_F.pdf
HA09-4,0.0,4.5,FILL,2010-0505-HAI-Binney St Geotech Memo_F.pdf
HA09-4,4.5,18.0, MARINE CLAY DEPOSITS,2010-0505-HAI-Binney St Geotech Memo_F.pdf
HA09-4,18.0,52.0,GLACIOFLUVIAL (SAND) DEPOSITS,2010-0505-HAI-Binney St Geotech Memo_F.pdf
HA09-4,52.0,57,GLACIAL TILL,2010-0505-HAI-Binney St Geotech Memo_F.pdf
HA10-1 (OW),0.0,4.0,FILL,2010-0505-HAI-Binney St Geotech Memo_F.pdf
HA10-1 (OW),4.0,25, MARINE CLAY DEPOSITS,2010-0505-HAI-Binney St Geotech Memo_F.pdf
HA10-2,0.0,4.0,FILL,2010-0505-HAI-Binney St Geotech Memo_F.pdf
HA10-2,4.0,10, MARINE CLAY DEPOSITS,2010-0505-HAI-Binney St Geotech Memo_F.pdf
B-1,0.0,3.0,FILL,2006 0506 05305 BWH Bicor Project.pdf
B-1,3.0,24.9, MARINE CLAY DEPOSITS,2006 0506 05305 BWH Bicor Project.pdf
B-1,24.9,27.1,GLACIAL TILL,2006 0506 05305 BWH Bicor Project.pdf
B-2,0.0,7.5,FILL,2006 0506 05305 BWH Bicor Project.pdf
B-2,7.5,27.0, MARINE CLAY DEPOSITS,2006 0506 05305 BWH Bicor Project.pdf
B-2,27.0,29,GLACIAL TILL,2006 0506 05305 BWH Bicor Project.pdf
B-301,0.0,8.0,FILL,2006 0506 05305 BWH Bicor Project.pdf
B-301,8.0,15.0, MARINE CLAY DEPOSITS,2006 0506 05305 BWH Bicor Project.pdf
B-301,15.0,21.2,GLACIOFLUVIAL (SAND) DEPOSITS,2006 0506 05305 BWH Bicor Project.pdf
B-301,21.2,43.5,GLACIAL TILL,2006 0506 05305 BWH Bicor Project.pdf
B-301,43.5,49,BEDROCK,2006 0506 05305 BWH Bicor Project.pdf
MW-601,0.0,0.3,FILL,2006 0506 05305 BWH Bicor Project.pdf
MW-601,0.3,12.5, MARINE CLAY DEPOSITS,2006 0506 05305 BWH Bicor Project.pdf
MW-601,12.5,17.5,GLACIOFLUVIAL (SAND) DEPOSITS,2006 0506 05305 BWH Bicor Project.pdf
MW-601,17.5,31.5,GLACIAL TILL,2006 0506 05305 BWH Bicor Project.pdf
MW-601,31.5,72,BEDROCK,2006 0506 05305 BWH Bicor Project.pdf
MW-702,0.0,7.5,FILL,2006 0506 05305 BWH Bicor Project.pdf
MW-702,7.5,44.0, MARINE CLAY DEPOSITS,2006 0506 05305 BWH Bicor Project.pdf
MW-702,44.0,55.3,GLACIAL TILL,2006 0506 05305 BWH Bicor Project.pdf
MW-702,55.3,69.5,BEDROCK,2006 0506 05305 BWH Bicor Project.pdf
MW-703,0.0,6.0,FILL,2006 0506 05305 BWH Bicor Project.pdf
MW-703,6.0,13.0, MARINE CLAY DEPOSITS,2006 0506 05305 BWH Bicor Project.pdf
MW-703,13.0,22.5,GLACIOFLUVIAL (SAND) DEPOSITS,2006 0506 05305 BWH Bicor Project.pdf
MW-703,22.5,31.5,GLACIAL TILL,2006 0506 05305 BWH Bicor Project.pdf
MW-703,31.5,62.5,BEDROCK,2006 0506 05305 BWH Bicor Project.pdf
MW-701,0.0,6.3,FILL,2004 0405 05695 MDEP Mission Hill Ledge.pdf
MW-701,6.3,15.9,GLACIOFLUVIAL (SAND) DEPOSITS,2004 0405 05695 MDEP Mission Hill Ledge.pdf
MW-701,15.9,36.5,GLACIAL TILL,2004 0405 05695 MDEP Mission Hill Ledge.pdf
MW-701,36.5,70.5,BEDROCK,2004 0405 05695 MDEP Mission Hill Ledge.pdf
B90-2,0.0,20.0,FILL,2001 0330 10915 BCH Clinical Expansion.pdf
B90-2,20.0,11.0,MARINE SAND DEPOSITS,2001 0330 10915 BCH Clinical Expansion.pdf
B90-2,11.0,44.0, MARINE CLAY DEPOSITS,2001 0330 10915 BCH Clinical Expansion.pdf
B90-2,44.0,49.0,GLACIOFLUVIAL (SAND) DEPOSITS,2001 0330 10915 BCH Clinical Expansion.pdf
B90-2,49.0,56.0,GLACIAL TILL,2001 0330 10915 BCH Clinical Expansion.pdf
B90-2,56.0,66.7,BEDROCK,2001 0330 10915 BCH Clinical Expansion.pdf
TB-1 (OW),0.0,30.0,FILL,2001 0330 10915 BCH Clinical Expansion.pdf
TB-1 (OW),30.0,62.5, MARINE CLAY DEPOSITS,2001 0330 10915 BCH Clinical Expansion.pdf
TB-1 (OW),62.5,72.0,GLACIAL TILL,2001 0330 10915 BCH Clinical Expansion.pdf
TB-1 (OW),72.0,79,BEDROCK,2001 0330 10915 BCH Clinical Expansion.pdf
TB-2,0.0,1.0,FILL,2001 0330 10915 BCH Clinical Expansion.pdf
TB-2,1.0,63.0, MARINE CLAY DEPOSITS,2001 0330 10915 BCH Clinical Expansion.pdf
TB-2,63.0,73.9,GLACIAL TILL,2001 0330 10915 BCH Clinical Expansion.pdf
TB-2,73.9,79,BEDROCK,2001 0330 10915 BCH Clinical Expansion.pdf
TB-3,0.0,8,FILL,2001 0330 10915 BCH Clinical Expansion.pdf
TB-3A,0.0,22.5,FILL,2001 0330 10915 BCH Clinical Expansion.pdf
TB-4,0.0,2.0,FILL,2001 0330 10915 BCH Clinical Expansion.pdf
TB-4,2.0,61.5, MARINE CLAY DEPOSITS,2001 0330 10915 BCH Clinical Expansion.pdf
TB-4,61.5,78.1,GLACIOFLUVIAL (SAND) DEPOSITS,2001 0330 10915 BCH Clinical Expansion.pdf
TB-4,78.1,79,BEDROCK,2001 0330 10915 BCH Clinical Expansion.pdf
TB-5,0.0,5.0,FILL,2001 0330 10915 BCH Clinical Expansion.pdf
TB-5,5.0,62.5, MARINE CLAY DEPOSITS,2001 0330 10915 BCH Clinical Expansion.pdf
TB-5,62.5,65.7,GLACIAL TILL,2001 0330 10915 BCH Clinical Expansion.pdf
TB-5,65.7,66.8,WEATHERED BEDROCK,2001 0330 10915 BCH Clinical Expansion.pdf
TB-5,66.8,67.8,BEDROCK,2001 0330 10915 BCH Clinical Expansion.pdf
TB-6,0.0,1.3,FILL,2001 0330 10915 BCH Clinical Expansion.pdf
TB-6,1.3,62.0, MARINE CLAY DEPOSITS,2001 0330 10915 BCH Clinical Expansion.pdf
TB-6,62.0,71.5,GLACIOFLUVIAL (SAND) DEPOSITS,2001 0330 10915 BCH Clinical Expansion.pdf
TB-6,71.5,84,WEATHERED BEDROCK,2001 0330 10915 BCH Clinical Expansion.pdf
TB-7 OW,0.0,1.0,FILL,2001 0330 10915 BCH Clinical Expansion.pdf
TB-7 OW,1.0,59.5, MARINE CLAY DEPOSITS,2001 0330 10915 BCH Clinical Expansion.pdf
TB-7 OW,59.5,67.6,GLACIAL TILL,2001 0330 10915 BCH Clinical Expansion.pdf
TB-7 OW,67.6,68.6,BEDROCK,2001 0330 10915 BCH Clinical Expansion.pdf
BT-1,0.0,9.0,FILL,2001 0330 10915 BCH Clinical Expansion.pdf
BT-1,9.0,28.5, MARINE CLAY DEPOSITS,2001 0330 10915 BCH Clinical Expansion.pdf
BT-1,28.5,41,GLACIOFLUVIAL (SAND) DEPOSITS,2001 0330 10915 BCH Clinical Expansion.pdf
BT-2,0.0,6.5,FILL,2001 0330 10915 BCH Clinical Expansion.pdf
BT-2,6.5,33.5, MARINE CLAY DEPOSITS,2001 0330 10915 BCH Clinical Expansion.pdf
BT-2,33.5,40.5,GLACIOFLUVIAL (SAND) DEPOSITS,2001 0330 10915 BCH Clinical Expansion.pdf
BT-3,0.0,9.0,FILL,2001 0330 10915 BCH Clinical Expansion.pdf
BT-3,9.0,30.0, MARINE CLAY DEPOSITS,2001 0330 10915 BCH Clinical Expansion.pdf
BT-3,30.0,41,GLACIOFLUVIAL (SAND) DEPOSITS,2001 0330 10915 BCH Clinical Expansion.pdf
B89-1,0.0,9.5,FILL,1994 0421 10393 FXB Francois Xavier.pdf
B89-1,9.5,40.0, MARINE CLAY DEPOSITS,1994 0421 10393 FXB Francois Xavier.pdf
B89-1,40.0,60.0,GLACIOFLUVIAL (SAND) DEPOSITS,1994 0421 10393 FXB Francois Xavier.pdf
B89-1,60.0,87,GLACIAL TILL,1994 0421 10393 FXB Francois Xavier.pdf
B89-2,0.0,3.0,FILL,1994 0421 10393 FXB Francois Xavier.pdf
B89-2,3.0,28.0, MARINE CLAY DEPOSITS,1994 0421 10393 FXB Francois Xavier.pdf
B89-2,28.0,63.0,GLACIOFLUVIAL (SAND) DEPOSITS,1994 0421 10393 FXB Francois Xavier.pdf
B89-2,63.0,115,GLACIAL TILL,1994 0421 10393 FXB Francois Xavier.pdf
93-1,0.0,9.0,FILL,1994 0421 10393 FXB Francois Xavier.pdf
93-1,9.0,45.5, MARINE CLAY DEPOSITS,1994 0421 10393 FXB Francois Xavier.pdf
93-2,0.0,8.0,FILL,1994 0421 10393 FXB Francois Xavier.pdf
93-2,8.0,35.5, MARINE CLAY DEPOSITS,1994 0421 10393 FXB Francois Xavier.pdf
93-3,0.0,3.0,FILL,1994 0421 10393 FXB Francois Xavier.pdf
93-3,3.0,31, MARINE CLAY DEPOSITS,1994 0421 10393 FXB Francois Xavier.pdf
B93-3,0.0,12.0,FILL,1994 0421 10393 FXB Francois Xavier.pdf
B93-3,12.0,32, MARINE CLAY DEPOSITS,1994 0421 10393 FXB Francois Xavier.pdf
B94-1,0.0,12.0,FILL,1994 0421 10393 FXB Francois Xavier.pdf
B94-1,12.0,85, MARINE CLAY DEPOSITS,1994 0421 10393 FXB Francois Xavier.pdf
B94-2,0.0,13.0,FILL,1994 0421 10393 FXB Francois Xavier.pdf
B94-2,13.0,14.0,ORGANIC DEPOSITS,1994 0421 10393 FXB Francois Xavier.pdf
B94-2,14.0,61, MARINE CLAY DEPOSITS,1994 0421 10393 FXB Francois Xavier.pdf
B94-3,0.0,8.0,FILL,1994 0421 10393 FXB Francois Xavier.pdf
B94-3,8.0,9.5,ORGANIC DEPOSITS,1994 0421 10393 FXB Francois Xavier.pdf
B94-3,9.5,76, MARINE CLAY DEPOSITS,1994 0421 10393 FXB Francois Xavier.pdf
B94-4,0.0,7.5,FILL,1994 0421 10393 FXB Francois Xavier.pdf
B94-4,7.5,10.5,ORGANIC DEPOSITS,1994 0421 10393 FXB Francois Xavier.pdf
B94-4,10.5,61, MARINE CLAY DEPOSITS,1994 0421 10393 FXB Francois Xavier.pdf
B94-5,0.0,7.0,FILL,1994 0421 10393 FXB Francois Xavier.pdf
B94-5,7.0,9.5,ORGANIC DEPOSITS,1994 0421 10393 FXB Francois Xavier.pdf
B94-5,9.5,30.0, MARINE CLAY DEPOSITS,1994 0421 10393 FXB Francois Xavier.pdf
B94-5,30.0,63.0,GLACIOFLUVIAL (SAND) DEPOSITS,1994 0421 10393 FXB Francois Xavier.pdf
B94-5,63.0,66.16666666666667,GLACIAL TILL,1994 0421 10393 FXB Francois Xavier.pdf
B1(59-1),0.0,5.5,FILL,1984 1020 BWH Summary of Test Boring Data
B1(59-1),5.5,16.0,MARINE SAND DEPOSITS,1984 1020 BWH Summary of Test Boring Data
B1(59-1),16.0,26.0, MARINE CLAY DEPOSITS,1984 1020 BWH Summary of Test Boring Data
B1(59-1),26.0,30,GLACIAL TILL,1984 1020 BWH Summary of Test Boring Data
B2(59-2),0.0,3.5,FILL,1984 1020 BWH Summary of Test Boring Data
B2(59-2),3.5,6.5,MARINE SAND DEPOSITS,1984 1020 BWH Summary of Test Boring Data
B2(59-2),6.5,21.6, MARINE CLAY DEPOSITS,1984 1020 BWH Summary of Test Boring Data
B2(59-2),21.6,26.0,GLACIOFLUVIAL (SAND) DEPOSITS,1984 1020 BWH Summary of Test Boring Data
B2(59-2),26.0,42.8,GLACIAL TILL,1984 1020 BWH Summary of Test Boring Data
B3(59-3),0.0,2.5,FILL,1984 1020 BWH Summary of Test Boring Data
B3(59-3),2.5,23.0, MARINE CLAY DEPOSITS,1984 1020 BWH Summary of Test Boring Data
B3(59-3),23.0,26,GLACIAL TILL,1984 1020 BWH Summary of Test Boring Data
B4(59-4),0.0,7.5,FILL,1984 1020 BWH Summary of Test Boring Data
B4(59-4),7.5,23.0, MARINE CLAY DEPOSITS,1984 1020 BWH Summary of Test Boring Data
B4(59-4),23.0,27.5,GLACIAL TILL,1984 1020 BWH Summary of Test Boring Data
B5(59-5),0.0,7.5,FILL,1984 1020 BWH Summary of Test Boring Data
B5(59-5),7.5,11.5, MARINE CLAY DEPOSITS,1984 1020 BWH Summary of Test Boring Data
B5(59-5),11.5,24.5,GLACIOFLUVIAL (SAND) DEPOSITS,1984 1020 BWH Summary of Test Boring Data
B5(59-5),24.5,27,GLACIAL TILL,1984 1020 BWH Summary of Test Boring Data
RL-1 (67-1),8.5,15.0, MARINE CLAY DEPOSITS,1984 1020 BWH Summary of Test Boring Data
RL-1 (67-1),15.0,21.5,GLACIOFLUVIAL (SAND) DEPOSITS,1984 1020 BWH Summary of Test Boring Data
RL-2(67-2),0.0,3.5,FILL,1984 1020 BWH Summary of Test Boring Data
RL-2(67-2),3.5,15.0,MARINE SAND DEPOSITS,1984 1020 BWH Summary of Test Boring Data
RL-2(67-2),15.0,10.0, MARINE CLAY DEPOSITS,1984 1020 BWH Summary of Test Boring Data
RL-2(67-2),10.0,23.6,GLACIOFLUVIAL (SAND) DEPOSITS,1984 1020 BWH Summary of Test Boring Data
RL-2(67-2),23.6,24.5,GLACIAL TILL,1984 1020 BWH Summary of Test Boring Data
RL-3(67-3),0.0,5.0,FILL,1984 1020 BWH Summary of Test Boring Data
RL-3(67-3),5.0,15.5, MARINE CLAY DEPOSITS,1984 1020 BWH Summary of Test Boring Data
RL-3(67-3),15.5,24.5,GLACIOFLUVIAL (SAND) DEPOSITS,1984 1020 BWH Summary of Test Boring Data
69-1,0.0,12.0,FILL,1984 1020 BWH Summary of Test Boring Data
69-1,12.0,14.5,ORGANIC DEPOSITS,1984 1020 BWH Summary of Test Boring Data
69-1,14.5,35.5, MARINE CLAY DEPOSITS,1984 1020 BWH Summary of Test Boring Data
69-1,35.5,52,GLACIOFLUVIAL (SAND) DEPOSITS,1984 1020 BWH Summary of Test Boring Data
69-2,0.0,10.0,FILL,1984 1020 BWH Summary of Test Boring Data
69-2,10.0,15.0,ORGANIC DEPOSITS,1984 1020 BWH Summary of Test Boring Data
69-2,15.0,38.5, MARINE CLAY DEPOSITS,1984 1020 BWH Summary of Test Boring Data
69-2,38.5,45.0,GLACIOFLUVIAL (SAND) DEPOSITS,1984 1020 BWH Summary of Test Boring Data
69-2,45.0,58.1,GLACIAL TILL,1984 1020 BWH Summary of Test Boring Data
12,0.0,14.5,FILL,1984 1020 BWH Summary of Test Boring Data
12,14.5,28.5,MARINE SAND DEPOSITS,1984 1020 BWH Summary of Test Boring Data
12,28.5,39.5, MARINE CLAY DEPOSITS,1984 1020 BWH Summary of Test Boring Data
12,39.5,50.0,GLACIOFLUVIAL (SAND) DEPOSITS,1984 1020 BWH Summary of Test Boring Data
12,50.0,96.0,GLACIAL TILL,1984 1020 BWH Summary of Test Boring Data
12,96.0,97.0,WEATHERED BEDROCK,1984 1020 BWH Summary of Test Boring Data
12,97.0,112,BEDROCK,1984 1020 BWH Summary of Test Boring Data
13,0.0,7.3,FILL,1984 1020 BWH Summary of Test Boring Data
13,7.3,30.0,MARINE SAND DEPOSITS,1984 1020 BWH Summary of Test Boring Data
13,30.0,40.0, MARINE CLAY DEPOSITS,1984 1020 BWH Summary of Test Boring Data
13,40.0,50.0,GLACIOFLUVIAL (SAND) DEPOSITS,1984 1020 BWH Summary of Test Boring Data
13,50.0,65,GLACIAL TILL,1984 1020 BWH Summary of Test Boring Data
15,0.0,12.0,FILL,1984 1020 BWH Summary of Test Boring Data
15,12.0,55.5,MARINE SAND DEPOSITS,1984 1020 BWH Summary of Test Boring Data
15,55.5,90.7,GLACIOFLUVIAL (SAND) DEPOSITS,1984 1020 BWH Summary of Test Boring Data
17,0.0,2.0,FILL,1984 1020 BWH Summary of Test Boring Data
17,2.0,15.0,MARINE SAND DEPOSITS,1984 1020 BWH Summary of Test Boring Data
17,15.0,50.75, MARINE CLAY DEPOSITS,1984 1020 BWH Summary of Test Boring Data
17,50.75,70.0,GLACIOFLUVIAL (SAND) DEPOSITS,1984 1020 BWH Summary of Test Boring Data
17,70.0,80.25,GLACIAL TILL,1984 1020 BWH Summary of Test Boring Data
20,0.0,5.0,FILL,1984 1020 BWH Summary of Test Boring Data
20,5.0,25.0,MARINE SAND DEPOSITS,1984 1020 BWH Summary of Test Boring Data
20,25.0,40.0, MARINE CLAY DEPOSITS,1984 1020 BWH Summary of Test Boring Data
20,40.0,55.0,GLACIOFLUVIAL (SAND) DEPOSITS,1984 1020 BWH Summary of Test Boring Data
20,55.0,65.7,GLACIAL TILL,1984 1020 BWH Summary of Test Boring Data
75-1,0.0,4.0,FILL,1984 1020 BWH Summary of Test Boring Data
75-1,4.0,58.0, MARINE CLAY DEPOSITS,1984 1020 BWH Summary of Test Boring Data
75-1,58.0,67.0,GLACIOFLUVIAL (SAND) DEPOSITS,1984 1020 BWH Summary of Test Boring Data
75-1,67.0,76.0,GLACIAL TILL,1984 1020 BWH Summary of Test Boring Data
75-1,76.0,86,BEDROCK,1984 1020 BWH Summary of Test Boring Data
75-2,0.0,2.0,FILL,1984 1020 BWH Summary of Test Boring Data
75-2,2.0,56.0,GLACIOFLUVIAL (SAND) DEPOSITS,1984 1020 BWH Summary of Test Boring Data
75-2,56.0,79,GLACIAL TILL,1984 1020 BWH Summary of Test Boring Data
75-3,0.0,5.0,FILL,1984 1020 BWH Summary of Test Boring Data
75-3,5.0,40.0,MARINE SAND DEPOSITS,1984 1020 BWH Summary of Test Boring Data
75-3,40.0,43.0, MARINE CLAY DEPOSITS,1984 1020 BWH Summary of Test Boring Data
75-3,43.0,52.0,GLACIOFLUVIAL (SAND) DEPOSITS,1984 1020 BWH Summary of Test Boring Data
75-3,52.0,61.0,GLACIAL TILL,1984 1020 BWH Summary of Test Boring Data
75-3,61.0,71,BEDROCK,1984 1020 BWH Summary of Test Boring Data
75-4,0.0,8.0,FILL,1984 1020 BWH Summary of Test Boring Data
75-4,8.0,30.0, MARINE CLAY DEPOSITS,1984 1020 BWH Summary of Test Boring Data
75-4,30.0,40.0,GLACIOFLUVIAL (SAND) DEPOSITS,1984 1020 BWH Summary of Test Boring Data
75-4,40.0,45.0,GLACIAL TILL,1984 1020 BWH Summary of Test Boring Data
75-4,45.0,55,BEDROCK,1984 1020 BWH Summary of Test Boring Data
75-6,0.0,8.0,FILL,1984 1020 BWH Summary of Test Boring Data
75-6,8.0,48.0, MARINE CLAY DEPOSITS,1984 1020 BWH Summary of Test Boring Data
75-6,48.0,65.0,GLACIAL TILL,1984 1020 BWH Summary of Test Boring Data
75-6,65.0,73,BEDROCK,1984 1020 BWH Summary of Test Boring Data
79-1,0.0,5.0,FILL,1984 1020 BWH Summary of Test Boring Data
79-1,5.0,40.0, MARINE CLAY DEPOSITS,1984 1020 BWH Summary of Test Boring Data
79-1,40.0,51,GLACIOFLUVIAL (SAND) DEPOSITS,1984 1020 BWH Summary of Test Boring Data
79-2,0.0,5.0,FILL,1984 1020 BWH Summary of Test Boring Data
79-2,5.0,30.0, MARINE CLAY DEPOSITS,1984 1020 BWH Summary of Test Boring Data
79-2,30.0,54,GLACIOFLUVIAL (SAND) DEPOSITS,1984 1020 BWH Summary of Test Boring Data
79-3,0.0,15.0,FILL,1984 1020 BWH Summary of Test Boring Data
79-3,15.0,35.0, MARINE CLAY DEPOSITS,1984 1020 BWH Summary of Test Boring Data
79-3,35.0,46,GLACIOFLUVIAL (SAND) DEPOSITS,1984 1020 BWH Summary of Test Boring Data
79-4,0.0,1.5,FILL,1984 1020 BWH Summary of Test Boring Data
79-4,1.5,25.0, MARINE CLAY DEPOSITS,1984 1020 BWH Summary of Test Boring Data
79-4,25.0,39.3,GLACIAL TILL,1984 1020 BWH Summary of Test Boring Data
79-5,0.0,5.0,FILL,1984 1020 BWH Summary of Test Boring Data
79-5,5.0,20.0, MARINE CLAY DEPOSITS,1984 1020 BWH Summary of Test Boring Data
79-5,20.0,36.3,GLACIAL TILL,1984 1020 BWH Summary of Test Boring Data
79-6,0.0,5.0,FILL,1984 1020 BWH Summary of Test Boring Data
79-6,5.0,35.0, MARINE CLAY DEPOSITS,1984 1020 BWH Summary of Test Boring Data
79-6,35.0,46,GLACIOFLUVIAL (SAND) DEPOSITS,1984 1020 BWH Summary of Test Boring Data
79-7,0.0,5.0,FILL,1984 1020 BWH Summary of Test Boring Data
79-7,5.0,30.0, MARINE CLAY DEPOSITS,1984 1020 BWH Summary of Test Boring Data
79-7,30.0,49,GLACIOFLUVIAL (SAND) DEPOSITS,1984 1020 BWH Summary of Test Boring Data
79-8,0.0,5.0,FILL,1984 1020 BWH Summary of Test Boring Data
79-8,5.0,30.0, MARINE CLAY DEPOSITS,1984 1020 BWH Summary of Test Boring Data
79-8,30.0,31,GLACIAL TILL,1984 1020 BWH Summary of Test Boring Data
79-9,0.0,5.0,FILL,1984 1020 BWH Summary of Test Boring Data
79-9,5.0,8.0,MARINE SAND DEPOSITS,1984 1020 BWH Summary of Test Boring Data
79-9,8.0,26, MARINE CLAY DEPOSITS,1984 1020 BWH Summary of Test Boring Data
79-10,0.0,4.0,FILL,1984 1020 BWH Summary of Test Boring Data
79-10,4.0,24.0,MARINE SAND DEPOSITS,1984 1020 BWH Summary of Test Boring Data
79-10,24.0,31,GLACIAL TILL,1984 1020 BWH Summary of Test Boring Data
79-11,0.0,3.0,FILL,1984 1020 BWH Summary of Test Boring Data
79-11,3.0,20.0, MARINE CLAY DEPOSITS,1984 1020 BWH Summary of Test Boring Data
79-11,20.0,24.0,GLACIOFLUVIAL (SAND) DEPOSITS,1984 1020 BWH Summary of Test Boring Data
79-11,24.0,32,GLACIAL TILL,1984 1020 BWH Summary of Test Boring Data
79-12,0.0,4.0,FILL,1984 1020 BWH Summary of Test Boring Data
79-12,4.0,24.0,MARINE SAND DEPOSITS,1984 1020 BWH Summary of Test Boring Data
79-12,24.0,26.25,GLACIAL TILL,1984 1020 BWH Summary of Test Boring Data
79-13,0.0,4.0,FILL,1984 1020 BWH Summary of Test Boring Data
79-13,4.0,25.0,MARINE SAND DEPOSITS,1984 1020 BWH Summary of Test Boring Data
79-13,25.0,29.0,GLACIOFLUVIAL (SAND) DEPOSITS,1984 1020 BWH Summary of Test Boring Data
79-13,29.0,30.5,GLACIAL TILL,1984 1020 BWH Summary of Test Boring Data
79-14,0.0,2.5,FILL,1984 1020 BWH Summary of Test Boring Data
79-14,2.5,26,MARINE SAND DEPOSITS,1984 1020 BWH Summary of Test Boring Data
79-15,0.0,4.5,FILL,1984 1020 BWH Summary of Test Boring Data
79-15,4.5,25.0,MARINE SAND DEPOSITS,1984 1020 BWH Summary of Test Boring Data
79-15,25.0,30,GLACIOFLUVIAL (SAND) DEPOSITS,1984 1020 BWH Summary of Test Boring Data
79-16,0.0,9.0,FILL,1984 1020 BWH Summary of Test Boring Data
79-16,9.0,26.5, MARINE CLAY DEPOSITS,1984 1020 BWH Summary of Test Boring Data
79-17,0.0,3.0,FILL,1984 1020 BWH Summary of Test Boring Data
79-17,3.0,9.5,ORGANIC DEPOSITS,1984 1020 BWH Summary of Test Boring Data
79-17,9.5,19.0,MARINE SAND DEPOSITS,1984 1020 BWH Summary of Test Boring Data
79-17,19.0,30,GLACIAL TILL,1984 1020 BWH Summary of Test Boring Data
79-18,0.0,3.0,FILL,1984 1020 BWH Summary of Test Boring Data
79-18,3.0,9.0,ORGANIC DEPOSITS,1984 1020 BWH Summary of Test Boring Data
79-18,9.0,28.5, MARINE CLAY DEPOSITS,1984 1020 BWH Summary of Test Boring Data
79-19,0.0,2.0,FILL,1984 1020 BWH Summary of Test Boring Data
79-19,2.0,26.0, MARINE CLAY DEPOSITS,1984 1020 BWH Summary of Test Boring Data
79-19,26.0,28,GLACIAL TILL,1984 1020 BWH Summary of Test Boring Data
79-20,0.0,9.5,FILL,1984 1020 BWH Summary of Test Boring Data
79-20,9.5,15.5, MARINE CLAY DEPOSITS,1984 1020 BWH Summary of Test Boring Data
79-20,15.5,27,GLACIAL TILL,1984 1020 BWH Summary of Test Boring Data
79-21,0.0,4.0,FILL,1984 1020 BWH Summary of Test Boring Data
79-21,4.0,29.0, MARINE CLAY DEPOSITS,1984 1020 BWH Summary of Test Boring Data
79-21,29.0,31,GLACIAL TILL,1984 1020 BWH Summary of Test Boring Data
83-1,0.0,9.5,FILL,1984 1020 BWH Summary of Test Boring Data
83-1,9.5,23.5, MARINE CLAY DEPOSITS,1984 1020 BWH Summary of Test Boring Data
83-1,23.5,35.0,GLACIAL TILL,1984 1020 BWH Summary of Test Boring Data
83-1,35.0,43,BEDROCK,1984 1020 BWH Summary of Test Boring Data
83-2,0.0,9.0,FILL,1984 1020 BWH Summary of Test Boring Data
83-2,9.0,21.0, MARINE CLAY DEPOSITS,1984 1020 BWH Summary of Test Boring Data
83-2,21.0,35.0,GLACIAL TILL,1984 1020 BWH Summary of Test Boring Data
83-2,35.0,46,BEDROCK,1984 1020 BWH Summary of Test Boring Data
83-3,0.0,1.5,FILL,1984 1020 BWH Summary of Test Boring Data
83-3,1.5,32.0, MARINE CLAY DEPOSITS,1984 1020 BWH Summary of Test Boring Data
83-3,32.0,42.5,GLACIOFLUVIAL (SAND) DEPOSITS,1984 1020 BWH Summary of Test Boring Data
83-3,42.5,50.5,BEDROCK,1984 1020 BWH Summary of Test Boring Data
83-4,0.0,3.6,FILL,1984 1020 BWH Summary of Test Boring Data
83-4,3.6,23.0, MARINE CLAY DEPOSITS,1984 1020 BWH Summary of Test Boring Data
83-4,23.0,38.5,GLACIOFLUVIAL (SAND) DEPOSITS,1984 1020 BWH Summary of Test Boring Data
83-4,38.5,46.5,BEDROCK,1984 1020 BWH Summary of Test Boring Data
83-5,0.0,9.0,FILL,1984 1020 BWH Summary of Test Boring Data
83-5,9.0,37.5, MARINE CLAY DEPOSITS,1984 1020 BWH Summary of Test Boring Data
83-5,37.5,50.0,GLACIOFLUVIAL (SAND) DEPOSITS,1984 1020 BWH Summary of Test Boring Data
83-5,50.0,54.5,GLACIAL TILL,1984 1020 BWH Summary of Test Boring Data
83-5,54.5,62.5,BEDROCK,1984 1020 BWH Summary of Test Boring Data
83-6,0.0,3.5,FILL,1984 1020 BWH Summary of Test Boring Data
83-6,3.5,28.0, MARINE CLAY DEPOSITS,1984 1020 BWH Summary of Test Boring Data
83-6,28.0,33.0,GLACIOFLUVIAL (SAND) DEPOSITS,1984 1020 BWH Summary of Test Boring Data
83-6,33.0,36.5,GLACIAL TILL,1984 1020 BWH Summary of Test Boring Data
83-6,36.5,44.5,BEDROCK,1984 1020 BWH Summary of Test Boring Data
83-7,0.0,7.5,FILL,1984 1020 BWH Summary of Test Boring Data
83-7,7.5,18.0,MARINE SAND DEPOSITS,1984 1020 BWH Summary of Test Boring Data
83-7,18.0,25.0, MARINE CLAY DEPOSITS,1984 1020 BWH Summary of Test Boring Data
83-7,25.0,41.0,GLACIAL TILL,1984 1020 BWH Summary of Test Boring Data
83-7,41.0,49,BEDROCK,1984 1020 BWH Summary of Test Boring Data
83-8,0.0,8.0,FILL,1984 1020 BWH Summary of Test Boring Data
83-8,8.0,28.0, MARINE CLAY DEPOSITS,1984 1020 BWH Summary of Test Boring Data
83-8,28.0,36.0,GLACIAL TILL,1984 1020 BWH Summary of Test Boring Data
83-8,36.0,44,BEDROCK,1984 1020 BWH Summary of Test Boring Data
83-9,0.0,13.0,FILL,1984 1020 BWH Summary of Test Boring Data
83-9,13.0,29.0, MARINE CLAY DEPOSITS,1984 1020 BWH Summary of Test Boring Data
83-9,29.0,46.0,GLACIAL TILL,1984 1020 BWH Summary of Test Boring Data
83-9,46.0,54,BEDROCK,1984 1020 BWH Summary of Test Boring Data
83-10,0.0,5.0,FILL,1984 1020 BWH Summary of Test Boring Data
83-10,5.0,24.0, MARINE CLAY DEPOSITS,1984 1020 BWH Summary of Test Boring Data
83-10,24.0,31.0,GLACIOFLUVIAL (SAND) DEPOSITS,1984 1020 BWH Summary of Test Boring Data
83-10,31.0,44.0,GLACIAL TILL,1984 1020 BWH Summary of Test Boring Data
83-10,44.0,53,BEDROCK,1984 1020 BWH Summary of Test Boring Data
83-11,0.0,4.5,FILL,1984 1020 BWH Summary of Test Boring Data
83-11,4.5,38.0, MARINE CLAY DEPOSITS,1984 1020 BWH Summary of Test Boring Data
83-11,38.0,54.0,GLACIAL TILL,1984 1020 BWH Summary of Test Boring Data
83-11,54.0,62.5,BEDROCK,1984 1020 BWH Summary of Test Boring Data
84-1 (B-301),0.0,8.0,FILL,1984 1020 BWH Summary of Test Boring Data
84-1 (B-301),8.0,17.0,MARINE SAND DEPOSITS,1984 1020 BWH Summary of Test Boring Data
84-1 (B-301),17.0,21.2, MARINE CLAY DEPOSITS,1984 1020 BWH Summary of Test Boring Data
84-1 (B-301),21.2,43.5,GLACIAL TILL,1984 1020 BWH Summary of Test Boring Data
84-1 (B-301),43.5,49,WEATHERED BEDROCK,1984 1020 BWH Summary of Test Boring Data
84-2 (B-302),0.0,7.0,FILL,1984 1020 BWH Summary of Test Boring Data
84-2 (B-302),7.0,22.0, MARINE CLAY DEPOSITS,1984 1020 BWH Summary of Test Boring Data
84-2 (B-302),22.0,42.5,GLACIAL TILL,1984 1020 BWH Summary of Test Boring Data
84-2 (B-302),42.5,49,WEATHERED BEDROCK,1984 1020 BWH Summary of Test Boring Data
84-3 (B-303),0.0,6.0,FILL,1984 1020 BWH Summary of Test Boring Data
84-3 (B-303),6.0,11.0,ORGANIC DEPOSITS,1984 1020 BWH Summary of Test Boring Data
84-3 (B-303),11.0,22.2, MARINE CLAY DEPOSITS,1984 1020 BWH Summary of Test Boring Data
84-3 (B-303),22.2,43.2,GLACIAL TILL,1984 1020 BWH Summary of Test Boring Data
84-3 (B-303),43.2,48.1,WEATHERED BEDROCK,1984 1020 BWH Summary of Test Boring Data
84-4 (B-304),0.0,5.0,FILL,1984 1020 BWH Summary of Test Boring Data
84-4 (B-304),5.0,28.0, MARINE CLAY DEPOSITS,1984 1020 BWH Summary of Test Boring Data
84-4 (B-304),28.0,38.5,GLACIAL TILL,1984 1020 BWH Summary of Test Boring Data
84-4 (B-304),38.5,44,WEATHERED BEDROCK,1984 1020 BWH Summary of Test Boring Data
84-5 (B-305),0.0,1.5,FILL,1984 1020 BWH Summary of Test Boring Data
84-5 (B-305),1.5,18.0, MARINE CLAY DEPOSITS,1984 1020 BWH Summary of Test Boring Data
84-5 (B-305),18.0,31.0,GLACIAL TILL,1984 1020 BWH Summary of Test Boring Data
84-5 (B-305),31.0,50.8,BEDROCK,1984 1020 BWH Summary of Test Boring Data
84-6 (B-306),0.0,8.0,FILL,1984 1020 BWH Summary of Test Boring Data
84-6 (B-306),8.0,27.0, MARINE CLAY DEPOSITS,1984 1020 BWH Summary of Test Boring Data
84-6 (B-306),27.0,48.0,GLACIAL TILL,1984 1020 BWH Summary of Test Boring Data
84-6 (B-306),48.0,53.5,WEATHERED BEDROCK,1984 1020 BWH Summary of Test Boring Data
84-7 (B-307),0.0,9.0,FILL,1984 1020 BWH Summary of Test Boring Data
84-7 (B-307),9.0,12.5, MARINE CLAY DEPOSITS,1984 1020 BWH Summary of Test Boring Data
84-7 (B-307),12.5,23.0,GLACIOFLUVIAL (SAND) DEPOSITS,1984 1020 BWH Summary of Test Boring Data
84-7 (B-307),23.0,45.7,GLACIAL TILL,1984 1020 BWH Summary of Test Boring Data
84-7 (B-307),45.7,50.8,WEATHERED BEDROCK,1984 1020 BWH Summary of Test Boring Data
84-8 (B-308),0.0,3.5,FILL,1984 1020 BWH Summary of Test Boring Data
84-8 (B-308),3.5,24.5, MARINE CLAY DEPOSITS,1984 1020 BWH Summary of Test Boring Data
84-8 (B-308),24.5,27.3,GLACIOFLUVIAL (SAND) DEPOSITS,1984 1020 BWH Summary of Test Boring Data
84-8 (B-308),27.3,30.1,GLACIAL TILL,1984 1020 BWH Summary of Test Boring Data
84-8 (B-308),30.1,35.5,WEATHERED BEDROCK,1984 1020 BWH Summary of Test Boring Data
84-9 (B-309),0.0,12.0,FILL,1984 1020 BWH Summary of Test Boring Data
84-9 (B-309),12.0,27.5, MARINE CLAY DEPOSITS,1984 1020 BWH Summary of Test Boring Data
84-9 (B-309),27.5,30.3,GLACIAL TILL,1984 1020 BWH Summary of Test Boring Data
84-9 (B-309),30.3,35.3,WEATHERED BEDROCK,1984 1020 BWH Summary of Test Boring Data
84-10 (B-310),0.0,7.0,FILL,1984 1020 BWH Summary of Test Boring Data
84-10 (B-310),7.0,12.0,MARINE SAND DEPOSITS,1984 1020 BWH Summary of Test Boring Data
84-10 (B-310),12.0,29.0, MARINE CLAY DEPOSITS,1984 1020 BWH Summary of Test Boring Data
84-10 (B-310),29.0,58.0,GLACIAL TILL,1984 1020 BWH Summary of Test Boring Data
84-10 (B-310),58.0,64,WEATHERED BEDROCK,1984 1020 BWH Summary of Test Boring Data
84-11 (B-311),0.0,1.5,FILL,1984 1020 BWH Summary of Test Boring Data
84-11 (B-311),1.5,17.0, MARINE CLAY DEPOSITS,1984 1020 BWH Summary of Test Boring Data
84-11 (B-311),17.0,24.0,GLACIOFLUVIAL (SAND) DEPOSITS,1984 1020 BWH Summary of Test Boring Data
84-11 (B-311),24.0,32.0,GLACIAL TILL,1984 1020 BWH Summary of Test Boring Data
84-11 (B-311),32.0,38,BEDROCK,1984 1020 BWH Summary of Test Boring Data
84-12 (B-312),0.0,4.0,FILL,1984 1020 BWH Summary of Test Boring Data
84-12 (B-312),4.0,13.5,ORGANIC DEPOSITS,1984 1020 BWH Summary of Test Boring Data
84-12 (B-312),13.5,15.8,MARINE SAND DEPOSITS,1984 1020 BWH Summary of Test Boring Data
84-12 (B-312),15.8,21.5, MARINE CLAY DEPOSITS,1984 1020 BWH Summary of Test Boring Data
84-12 (B-312),21.5,30.0,GLACIOFLUVIAL (SAND) DEPOSITS,1984 1020 BWH Summary of Test Boring Data
84-12 (B-312),30.0,35,WEATHERED BEDROCK,1984 1020 BWH Summary of Test Boring Data
84-13 (B-313),0.0,24.0,FILL,1984 1020 BWH Summary of Test Boring Data
84-13 (B-313),24.0,29.0, MARINE CLAY DEPOSITS,1984 1020 BWH Summary of Test Boring Data
84-13 (B-313),29.0,35.0,GLACIAL TILL,1984 1020 BWH Summary of Test Boring Data
84-13 (B-313),35.0,40.5,WEATHERED BEDROCK,1984 1020 BWH Summary of Test Boring Data
84-14 (B-314),0.0,14.0,FILL,1984 1020 BWH Summary of Test Boring Data
84-14 (B-314),14.0,20.5, MARINE CLAY DEPOSITS,1984 1020 BWH Summary of Test Boring Data
84-14 (B-314),20.5,23.0,GLACIOFLUVIAL (SAND) DEPOSITS,1984 1020 BWH Summary of Test Boring Data
84-14 (B-314),23.0,29.0,GLACIAL TILL,1984 1020 BWH Summary of Test Boring Data
84-14 (B-314),29.0,34,WEATHERED BEDROCK,1984 1020 BWH Summary of Test Boring Data
Boring #1,0.0,12.5,FILL,1994 0415 11122 RGV CMC North Campus
Boring #1,12.5,15.5,ORGANIC DEPOSITS,1994 0415 11122 RGV CMC North Campus
Boring #1,15.5,18.0, MARINE CLAY DEPOSITS,1994 0415 11122 RGV CMC North Campus
Boring #1,18.0,30,GLACIOFLUVIAL (SAND) DEPOSITS,1994 0415 11122 RGV CMC North Campus
Boring #2,0.0,11.0,FILL,1994 0415 11122 RGV CMC North Campus
Boring #2,11.0,13.5,ORGANIC DEPOSITS,1994 0415 11122 RGV CMC North Campus
Boring #2,13.5,24.0, MARINE CLAY DEPOSITS,1994 0415 11122 RGV CMC North Campus
Boring #2,24.0,30,GLACIOFLUVIAL (SAND) DEPOSITS,1994 0415 11122 RGV CMC North Campus
Boring #3,0.0,9.0,FILL,1994 0415 11122 RGV CMC North Campus
Boring #3,9.0,37.0,MARINE SAND DEPOSITS,1994 0415 11122 RGV CMC North Campus
Boring #3,37.0,48.0, MARINE CLAY DEPOSITS,1994 0415 11122 RGV CMC North Campus
Boring #3,48.0,56.5,GLACIAL TILL,1994 0415 11122 RGV CMC North Campus
Boring #4,0.0,9.5,FILL,1994 0415 11122 RGV CMC North Campus
Boring #4,9.5,26.0, MARINE CLAY DEPOSITS,1994 0415 11122 RGV CMC North Campus
Boring #4,26.0,31.0,GLACIOFLUVIAL (SAND) DEPOSITS,1994 0415 11122 RGV CMC North Campus
Boring #4,31.0,61.5,GLACIAL TILL,1994 0415 11122 RGV CMC North Campus
Boring #5,0.0,9.0,FILL,1994 0415 11122 RGV CMC North Campus
Boring #5,9.0,57, MARINE CLAY DEPOSITS,1994 0415 11122 RGV CMC North Campus
Boring #6,0.0,7.5,FILL,1994 0415 11122 RGV CMC North Campus
Boring #6,7.5,11.0,ORGANIC DEPOSITS,1994 0415 11122 RGV CMC North Campus
Boring #6,11.0,13.5,MARINE SAND DEPOSITS,1994 0415 11122 RGV CMC North Campus
Boring #6,13.5,53,GLACIAL TILL,1994 0415 11122 RGV CMC North Campus
20,0.0,8.0,FILL,1994 0415 11122 RGV CMC North Campus
20,8.0,10.0,ORGANIC DEPOSITS,1994 0415 11122 RGV CMC North Campus
20,10.0,60.0, MARINE CLAY DEPOSITS,1994 0415 11122 RGV CMC North Campus
20,60.0,86.5,GLACIAL TILL,1994 0415 11122 RGV CMC North Campus
21,0.0,10.0,FILL,1994 0415 11122 RGV CMC North Campus
21,10.0,67.0, MARINE CLAY DEPOSITS,1994 0415 11122 RGV CMC North Campus
21,67.0,104.0,GLACIAL TILL,1994 0415 11122 RGV CMC North Campus
21,104.0,114,WEATHERED BEDROCK,1994 0415 11122 RGV CMC North Campus
22,0.0,9.0,FILL,1994 0415 11122 RGV CMC North Campus
22,9.0,10.0,MARINE SAND DEPOSITS,1994 0415 11122 RGV CMC North Campus
22,10.0,60.0, MARINE CLAY DEPOSITS,1994 0415 11122 RGV CMC North Campus
22,60.0,91.5,GLACIAL TILL,1994 0415 11122 RGV CMC North Campus
23,0.0,25.0,FILL,1994 0415 11122 RGV CMC North Campus
23,25.0,10.0,MARINE SAND DEPOSITS,1994 0415 11122 RGV CMC North Campus
23,10.0,59.0, MARINE CLAY DEPOSITS,1994 0415 11122 RGV CMC North Campus
23,59.0,86.8,GLACIAL TILL,1994 0415 11122 RGV CMC North Campus
24,0.0,9.0,FILL,1994 0415 11122 RGV CMC North Campus
24,9.0,58.0, MARINE CLAY DEPOSITS,1994 0415 11122 RGV CMC North Campus
24,58.0,91.5,GLACIAL TILL,1994 0415 11122 RGV CMC North Campus
25,0.0,20.0,FILL,1994 0415 11122 RGV CMC North Campus
25,20.0,7.5,MARINE SAND DEPOSITS,1994 0415 11122 RGV CMC North Campus
25,7.5,71.5, MARINE CLAY DEPOSITS,1994 0415 11122 RGV CMC North Campus
25,71.5,102,GLACIAL TILL,1994 0415 11122 RGV CMC North Campus
26,0.0,9.0,FILL,1994 0415 11122 RGV CMC North Campus
26,9.0,12.0,ORGANIC DEPOSITS,1994 0415 11122 RGV CMC North Campus
26,12.0,50.0, MARINE CLAY DEPOSITS,1994 0415 11122 RGV CMC North Campus
26,50.0,104.0,GLACIAL TILL,1994 0415 11122 RGV CMC North Campus
26,104.0,114,WEATHERED BEDROCK,1994 0415 11122 RGV CMC North Campus
27,0.0,20.0,FILL,1994 0415 11122 RGV CMC North Campus
27,20.0,8.5,MARINE SAND DEPOSITS,1994 0415 11122 RGV CMC North Campus
27,8.5,53.5, MARINE CLAY DEPOSITS,1994 0415 11122 RGV CMC North Campus
27,53.5,70.0,GLACIOFLUVIAL (SAND) DEPOSITS,1994 0415 11122 RGV CMC North Campus
27,70.0,101.0,GLACIAL TILL,1994 0415 11122 RGV CMC North Campus
27,101.0,111,WEATHERED BEDROCK,1994 0415 11122 RGV CMC North Campus
B 94-1,0.0,12.0,FILL,1994 0415 11122 RGV CMC North Campus
B 94-1,12.0,85, MARINE CLAY DEPOSITS,1994 0415 11122 RGV CMC North Campus
B 94-2,0.0,13.0,FILL,1994 0415 11122 RGV CMC North Campus
B 94-2,13.0,14.0,ORGANIC DEPOSITS,1994 0415 11122 RGV CMC North Campus
B 94-2,14.0,61, MARINE CLAY DEPOSITS,1994 0415 11122 RGV CMC North Campus
B 94-3,0.0,8.0,FILL,1994 0415 11122 RGV CMC North Campus
B 94-3,8.0,9.5,ORGANIC DEPOSITS,1994 0415 11122 RGV CMC North Campus
B 94-3,9.5,76, MARINE CLAY DEPOSITS,1994 0415 11122 RGV CMC North Campus
B 94-4,0.0,7.5,FILL,1994 0415 11122 RGV CMC North Campus
B 94-4,7.5,10.5,ORGANIC DEPOSITS,1994 0415 11122 RGV CMC North Campus
B 94-4,10.5,58.0, MARINE CLAY DEPOSITS,1994 0415 11122 RGV CMC North Campus
B 94-4,58.0,61,GLACIAL TILL,1994 0415 11122 RGV CMC North Campus
B 94-5,0.0,7.0,FILL,1994 0415 11122 RGV CMC North Campus
B 94-5,7.0,9.5,ORGANIC DEPOSITS,1994 0415 11122 RGV CMC North Campus
B 94-5,9.5,63.0, MARINE CLAY DEPOSITS,1994 0415 11122 RGV CMC North Campus
B 94-5,63.0,66.1,GLACIAL TILL,1994 0415 11122 RGV CMC North Campus
81-1,0.0,3.0,FILL,1981 0428 4779 BCH Blackfan Street
81-1,3.0,10.0,MARINE SAND DEPOSITS,1981 0428 4779 BCH Blackfan Street
81-1,10.0,46, MARINE CLAY DEPOSITS,1981 0428 4779 BCH Blackfan Street
81-2,0.0,0.5,FILL,1981 0428 4779 BCH Blackfan Street
81-2,0.5,11.0,MARINE SAND DEPOSITS,1981 0428 4779 BCH Blackfan Street
81-2,11.0,41, MARINE CLAY DEPOSITS,1981 0428 4779 BCH Blackfan Street
81-3,0.0,8.0,FILL,1981 0428 4779 BCH Blackfan Street
81-3,8.0,30.5, MARINE CLAY DEPOSITS,1981 0428 4779 BCH Blackfan Street
B-89-1,0.0,9.0,FILL,1991 0401 10273 BWH Clinical Support Fac
B-89-1,9.0,48.0, MARINE CLAY DEPOSITS,1991 0401 10273 BWH Clinical Support Fac
B-89-1,48.0,53.0,GLACIAL TILL,1991 0401 10273 BWH Clinical Support Fac
B-89-1,53.0,63.2,BEDROCK,1991 0401 10273 BWH Clinical Support Fac
B-89-2,0.0,13.0,FILL,1991 0401 10273 BWH Clinical Support Fac
B-89-2,13.0,41.5, MARINE CLAY DEPOSITS,1991 0401 10273 BWH Clinical Support Fac
B-89-2,41.5,47.5,GLACIOFLUVIAL (SAND) DEPOSITS,1991 0401 10273 BWH Clinical Support Fac
B-89-2,47.5,56.0,GLACIAL TILL,1991 0401 10273 BWH Clinical Support Fac
B-89-2,56.0,61.3,BEDROCK,1991 0401 10273 BWH Clinical Support Fac
B1,0.0,16.0,FILL,1961 05 61473 NEDH New England Deaconess
B1,16.0,24.5, MARINE CLAY DEPOSITS,1961 05 61473 NEDH New England Deaconess
B1,24.5,36,GLACIOFLUVIAL (SAND) DEPOSITS,1961 05 61473 NEDH New England Deaconess
B2 ,0.0,13.0,FILL,1961 05 61473 NEDH New England Deaconess
B2 ,13.0,23.0, MARINE CLAY DEPOSITS,1961 05 61473 NEDH New England Deaconess
B2 ,23.0,30,GLACIOFLUVIAL (SAND) DEPOSITS,1961 05 61473 NEDH New England Deaconess
B3 ,0.0,12.5,FILL,1961 05 61473 NEDH New England Deaconess
B3 ,12.5,21.5,MARINE SAND DEPOSITS,1961 05 61473 NEDH New England Deaconess
B3 ,21.5,24.0, MARINE CLAY DEPOSITS,1961 05 61473 NEDH New England Deaconess
B3 ,24.0,30,GLACIOFLUVIAL (SAND) DEPOSITS,1961 05 61473 NEDH New England Deaconess
B4 ,0.0,19.5,FILL,1961 05 61473 NEDH New England Deaconess
B4 ,19.5,24.0,ORGANIC DEPOSITS,1961 05 61473 NEDH New England Deaconess
B4 ,24.0,30,GLACIOFLUVIAL (SAND) DEPOSITS,1961 05 61473 NEDH New England Deaconess
B5 ,0.0,13.0,FILL,1961 05 61473 NEDH New England Deaconess
B5 ,13.0,15.0, MARINE CLAY DEPOSITS,1961 05 61473 NEDH New England Deaconess
B5 ,15.0,55,GLACIOFLUVIAL (SAND) DEPOSITS,1961 05 61473 NEDH New England Deaconess
B6,0.0,7.0,FILL,1961 05 61473 NEDH New England Deaconess
B6,7.0,24.0,MARINE SAND DEPOSITS,1961 05 61473 NEDH New England Deaconess
B6,24.0,30,GLACIOFLUVIAL (SAND) DEPOSITS,1961 05 61473 NEDH New England Deaconess
B7,0.0,9.0,FILL,1961 05 61473 NEDH New England Deaconess
B7,9.0,24.0,ORGANIC DEPOSITS,1961 05 61473 NEDH New England Deaconess
B7,24.0,38,MARINE SAND DEPOSITS,1961 05 61473 NEDH New England Deaconess
B8,0.0,20.5,FILL,1961 05 61473 NEDH New England Deaconess
B8,20.5,28.5,ORGANIC DEPOSITS,1961 05 61473 NEDH New England Deaconess
B8,28.5,35, MARINE CLAY DEPOSITS,1961 05 61473 NEDH New England Deaconess
B9,0.0,8.5,FILL,1961 05 61473 NEDH New England Deaconess
B9,8.5,13.5,ORGANIC DEPOSITS,1961 05 61473 NEDH New England Deaconess
B9,13.5,20.0,MARINE SAND DEPOSITS,1961 05 61473 NEDH New England Deaconess
B9,20.0,30, MARINE CLAY DEPOSITS,1961 05 61473 NEDH New England Deaconess
B18,0.0,2.5,FILL,1961 05 61473 NEDH New England Deaconess
B18,2.5,15.0, MARINE CLAY DEPOSITS,1961 05 61473 NEDH New England Deaconess
B18,15.0,-,GLACIOFLUVIAL (SAND) DEPOSITS,1961 05 61473 NEDH New England Deaconess
B20,0.0,5.0,FILL,1961 05 61473 NEDH New England Deaconess
B20,5.0,10.0, MARINE CLAY DEPOSITS,1961 05 61473 NEDH New England Deaconess
B20,10.0,-,GLACIOFLUVIAL (SAND) DEPOSITS,1961 05 61473 NEDH New England Deaconess
1,15.0,0.0,MARINE SAND DEPOSITS,1972 0810 259801 JDF Subsurface Investig
1,0.0,51.5, MARINE CLAY DEPOSITS,1972 0810 259801 JDF Subsurface Investig
2,0.0,8.0,FILL,1972 0810 259801 JDF Subsurface Investig
2,8.0,14.0,MARINE SAND DEPOSITS,1972 0810 259801 JDF Subsurface Investig
2,14.0,51.5, MARINE CLAY DEPOSITS,1972 0810 259801 JDF Subsurface Investig
3,0.0,7.0,FILL,1972 0810 259801 JDF Subsurface Investig
3,7.0,51.5, MARINE CLAY DEPOSITS,1972 0810 259801 JDF Subsurface Investig
4,0.0,8.0,FILL,1972 0810 259801 JDF Subsurface Investig
4,8.0,61.5, MARINE CLAY DEPOSITS,1972 0810 259801 JDF Subsurface Investig
5,0.0,3.0,FILL,1972 0810 259801 JDF Subsurface Investig
5,3.0,106.7, MARINE CLAY DEPOSITS,1972 0810 259801 JDF Subsurface Investig
6,0.0,9.0,FILL,1972 0810 259801 JDF Subsurface Investig
6,9.0,29.0,MARINE SAND DEPOSITS,1972 0810 259801 JDF Subsurface Investig
6,29.0,51.5, MARINE CLAY DEPOSITS,1972 0810 259801 JDF Subsurface Investig
7,0.0,10.0,FILL,1972 0810 259801 JDF Subsurface Investig
7,10.0,33.0,MARINE SAND DEPOSITS,1972 0810 259801 JDF Subsurface Investig
7,33.0,51.5, MARINE CLAY DEPOSITS,1972 0810 259801 JDF Subsurface Investig
8,0.0,8.0,FILL,1972 0810 259801 JDF Subsurface Investig
8,8.0,51.5, MARINE CLAY DEPOSITS,1972 0810 259801 JDF Subsurface Investig
9,0.0,9.0,FILL,1972 0810 259801 JDF Subsurface Investig
9,9.0,21.5, MARINE CLAY DEPOSITS,1972 0810 259801 JDF Subsurface Investig
10,0.0,10.0,FILL,1972 0810 259801 JDF Subsurface Investig
10,10.0,51.5, MARINE CLAY DEPOSITS,1972 0810 259801 JDF Subsurface Investig
11,0.0,9.0,FILL,1972 0810 259801 JDF Subsurface Investig
11,9.0,15.0,MARINE SAND DEPOSITS,1972 0810 259801 JDF Subsurface Investig
11,15.0,51.5, MARINE CLAY DEPOSITS,1972 0810 259801 JDF Subsurface Investig
12,0.0,9.0,FILL,1972 0810 259801 JDF Subsurface Investig
12,9.0,15.0,MARINE SAND DEPOSITS,1972 0810 259801 JDF Subsurface Investig
12,15.0,51.5, MARINE CLAY DEPOSITS,1972 0810 259801 JDF Subsurface Investig
13,0.0,0.5,FILL,1972 0810 259801 JDF Subsurface Investig
13,0.5,5.0,ORGANIC DEPOSITS,1972 0810 259801 JDF Subsurface Investig
13,5.0,10.0,MARINE SAND DEPOSITS,1972 0810 259801 JDF Subsurface Investig
13,10.0,51.5, MARINE CLAY DEPOSITS,1972 0810 259801 JDF Subsurface Investig
401,0.0,4.0,FILL,1975 1212 3711 AHC Subsurface Investigat
401,4.0,64.0, MARINE CLAY DEPOSITS,1975 1212 3711 AHC Subsurface Investigat
401,64.0,67.0,GLACIOFLUVIAL (SAND) DEPOSITS,1975 1212 3711 AHC Subsurface Investigat
401,67.0,76.0,GLACIAL TILL,1975 1212 3711 AHC Subsurface Investigat
401,76.0,86,BEDROCK,1975 1212 3711 AHC Subsurface Investigat
402,0.0,7.0,FILL,1975 1212 3711 AHC Subsurface Investigat
402,7.0,56.0,GLACIOFLUVIAL (SAND) DEPOSITS,1975 1212 3711 AHC Subsurface Investigat
402,56.0,68.8,GLACIAL TILL,1975 1212 3711 AHC Subsurface Investigat
402,68.8,79,BEDROCK,1975 1212 3711 AHC Subsurface Investigat
403,0.0,5.2,MARINE SAND DEPOSITS,1975 1212 3711 AHC Subsurface Investigat
403A,0.0,5.0,FILL,1975 1212 3711 AHC Subsurface Investigat
403A,5.0,22.0, MARINE CLAY DEPOSITS,1975 1212 3711 AHC Subsurface Investigat
403A,22.0,52.0,GLACIOFLUVIAL (SAND) DEPOSITS,1975 1212 3711 AHC Subsurface Investigat
403A,52.0,61.0,GLACIAL TILL,1975 1212 3711 AHC Subsurface Investigat
403A,61.0,71,BEDROCK,1975 1212 3711 AHC Subsurface Investigat
404,0.0,30.0,FILL,1975 1212 3711 AHC Subsurface Investigat
404,30.0,8.0,MARINE SAND DEPOSITS,1975 1212 3711 AHC Subsurface Investigat
404,8.0,40.0, MARINE CLAY DEPOSITS,1975 1212 3711 AHC Subsurface Investigat
404,40.0,45.0,GLACIAL TILL,1975 1212 3711 AHC Subsurface Investigat
404,45.0,55,BEDROCK,1975 1212 3711 AHC Subsurface Investigat
405,0.0,4.0,FILL,1975 1212 3711 AHC Subsurface Investigat
405,4.0,38.0, MARINE CLAY DEPOSITS,1975 1212 3711 AHC Subsurface Investigat
405,38.0,50.0,GLACIOFLUVIAL (SAND) DEPOSITS,1975 1212 3711 AHC Subsurface Investigat
405,50.0,85.0,GLACIAL TILL,1975 1212 3711 AHC Subsurface Investigat
405,85.0,90,BEDROCK,1975 1212 3711 AHC Subsurface Investigat
406,0.0,8.0,FILL,1975 1212 3711 AHC Subsurface Investigat
406,8.0,48.0, MARINE CLAY DEPOSITS,1975 1212 3711 AHC Subsurface Investigat
406,48.0,65.0,GLACIAL TILL,1975 1212 3711 AHC Subsurface Investigat
406,65.0,73,BEDROCK,1975 1212 3711 AHC Subsurface Investigat
1A,0.0,6.0,FILL,1981 0428 4779 BCH Blackfan Street
1A,6.0,44.5, MARINE CLAY DEPOSITS,1981 0428 4779 BCH Blackfan Street
2,0.0,6.0,FILL,1981 0428 4779 BCH Blackfan Street
2,6.0,13.5,MARINE SAND DEPOSITS,1981 0428 4779 BCH Blackfan Street
2,13.5,43.5, MARINE CLAY DEPOSITS,1981 0428 4779 BCH Blackfan Street
3,0.0,5.5,FILL,1981 0428 4779 BCH Blackfan Street
3,5.5,12.0,MARINE SAND DEPOSITS,1981 0428 4779 BCH Blackfan Street
3,12.0,46, MARINE CLAY DEPOSITS,1981 0428 4779 BCH Blackfan Street
4,0.0,5.5,FILL,1981 0428 4779 BCH Blackfan Street
4,5.5,15.0,MARINE SAND DEPOSITS,1981 0428 4779 BCH Blackfan Street
4,15.0,45, MARINE CLAY DEPOSITS,1981 0428 4779 BCH Blackfan Street
6,0.0,14.5,FILL,1981 0428 4779 BCH Blackfan Street
6,14.5,36.5, MARINE CLAY DEPOSITS,1981 0428 4779 BCH Blackfan Street
7,0.0,16.0,FILL,1981 0428 4779 BCH Blackfan Street
7,16.0,23.5,MARINE SAND DEPOSITS,1981 0428 4779 BCH Blackfan Street
7,23.5,37.5, MARINE CLAY DEPOSITS,1981 0428 4779 BCH Blackfan Street
8,0.0,4.0,FILL,1981 0428 4779 BCH Blackfan Street
8,4.0,12.5,MARINE SAND DEPOSITS,1981 0428 4779 BCH Blackfan Street
8,12.5,35.5, MARINE CLAY DEPOSITS,1981 0428 4779 BCH Blackfan Street
4,0.0,45.0,FILL,1981 0428 4779 BCH Blackfan Street
4,45.0,3.0,MARINE SAND DEPOSITS,1981 0428 4779 BCH Blackfan Street
4,3.0,66, MARINE CLAY DEPOSITS,1981 0428 4779 BCH Blackfan Street
2,0.0,4.5,FILL,1981 0428 4779 BCH Blackfan Street
2,4.5,20.0,MARINE SAND DEPOSITS,1981 0428 4779 BCH Blackfan Street
2,20.0,45.5, MARINE CLAY DEPOSITS,1981 0428 4779 BCH Blackfan Street
2,45.5,64,GLACIOFLUVIAL (SAND) DEPOSITS,1981 0428 4779 BCH Blackfan Street
5,0.0,6.5,FILL,1981 0428 4779 BCH Blackfan Street
5,6.5,8.5,ORGANIC DEPOSITS,1981 0428 4779 BCH Blackfan Street
5,8.5,22.0,MARINE SAND DEPOSITS,1981 0428 4779 BCH Blackfan Street
5,22.0,60, MARINE CLAY DEPOSITS,1981 0428 4779 BCH Blackfan Street
6,0.0,7.0,FILL,1981 0428 4779 BCH Blackfan Street
6,7.0,9.0,ORGANIC DEPOSITS,1981 0428 4779 BCH Blackfan Street
6,9.0,18.5,MARINE SAND DEPOSITS,1981 0428 4779 BCH Blackfan Street
6,18.5,27.5, MARINE CLAY DEPOSITS,1981 0428 4779 BCH Blackfan Street
6,27.5,63,GLACIAL TILL,1981 0428 4779 BCH Blackfan Street
7,0.0,7.5,FILL,1981 0428 4779 BCH Blackfan Street
7,7.5,18.5,MARINE SAND DEPOSITS,1981 0428 4779 BCH Blackfan Street
7,18.5,80, MARINE CLAY DEPOSITS,1981 0428 4779 BCH Blackfan Street
8,0.0,7.0,FILL,1981 0428 4779 BCH Blackfan Street
8,7.0,15.0,MARINE SAND DEPOSITS,1981 0428 4779 BCH Blackfan Street
8,15.0,80, MARINE CLAY DEPOSITS,1981 0428 4779 BCH Blackfan Street
8,0.0,10.5,FILL,1981 0428 4779 BCH Blackfan Street
8,10.5,20.5,MARINE SAND DEPOSITS,1981 0428 4779 BCH Blackfan Street
8,20.5,40.5, MARINE CLAY DEPOSITS,1981 0428 4779 BCH Blackfan Street
8,40.5,55.0,GLACIOFLUVIAL (SAND) DEPOSITS,1981 0428 4779 BCH Blackfan Street
8,55.0,58.5,GLACIAL TILL,1981 0428 4779 BCH Blackfan Street
64-16,0.0,7.5,FILL,1981 0428 4779 BCH Blackfan Street
64-16,7.5,12.0,MARINE SAND DEPOSITS,1981 0428 4779 BCH Blackfan Street
64-16,12.0,49.0, MARINE CLAY DEPOSITS,1981 0428 4779 BCH Blackfan Street
64-16,49.0,34.0,GLACIOFLUVIAL (SAND) DEPOSITS,1981 0428 4779 BCH Blackfan Street
64-16,34.0,67,GLACIAL TILL,1981 0428 4779 BCH Blackfan Street
64-17,0.0,9.0,FILL,1981 0428 4779 BCH Blackfan Street
64-17,9.0,19.0,MARINE SAND DEPOSITS,1981 0428 4779 BCH Blackfan Street
64-17,19.0,54, MARINE CLAY DEPOSITS,1981 0428 4779 BCH Blackfan Street
64-18,0.0,5.0,FILL,1981 0428 4779 BCH Blackfan Street
64-18,5.0,12.0,MARINE SAND DEPOSITS,1981 0428 4779 BCH Blackfan Street
64-18,12.0,33.0, MARINE CLAY DEPOSITS,1981 0428 4779 BCH Blackfan Street
64-18,33.0,48.0,GLACIOFLUVIAL (SAND) DEPOSITS,1981 0428 4779 BCH Blackfan Street
64-18,48.0,53,GLACIAL TILL,1981 0428 4779 BCH Blackfan Street
64-19,0.0,4.0,FILL,1981 0428 4779 BCH Blackfan Street
64-19,4.0,19.0,MARINE SAND DEPOSITS,1981 0428 4779 BCH Blackfan Street
64-19,19.0,55, MARINE CLAY DEPOSITS,1981 0428 4779 BCH Blackfan Street
64-20,0.0,8.0,FILL,1981 0428 4779 BCH Blackfan Street
64-20,8.0,15.0,MARINE SAND DEPOSITS,1981 0428 4779 BCH Blackfan Street
64-20,15.0,47.5, MARINE CLAY DEPOSITS,1981 0428 4779 BCH Blackfan Street
64-20,47.5,55,GLACIOFLUVIAL (SAND) DEPOSITS,1981 0428 4779 BCH Blackfan Street
64-21,0.0,8.0,FILL,1981 0428 4779 BCH Blackfan Street
64-21,8.0,19.0,MARINE SAND DEPOSITS,1981 0428 4779 BCH Blackfan Street
64-21,19.0,49.0, MARINE CLAY DEPOSITS,1981 0428 4779 BCH Blackfan Street
64-21,49.0,53,GLACIAL TILL,1981 0428 4779 BCH Blackfan Street
64-22,0.0,9.0,FILL,1981 0428 4779 BCH Blackfan Street
64-22,9.0,18.0,MARINE SAND DEPOSITS,1981 0428 4779 BCH Blackfan Street
64-22,18.0,49.0, MARINE CLAY DEPOSITS,1981 0428 4779 BCH Blackfan Street
64-22,49.0,55,GLACIOFLUVIAL (SAND) DEPOSITS,1981 0428 4779 BCH Blackfan Street
64-23,0.0,9.0,FILL,1981 0428 4779 BCH Blackfan Street
64-23,9.0,48.0, MARINE CLAY DEPOSITS,1981 0428 4779 BCH Blackfan Street
64-23,48.0,55,GLACIOFLUVIAL (SAND) DEPOSITS,1981 0428 4779 BCH Blackfan Street
64-24,0.0,2.0,FILL,1981 0428 4779 BCH Blackfan Street
64-24,2.0,18.0,MARINE SAND DEPOSITS,1981 0428 4779 BCH Blackfan Street
64-24,18.0,49.0, MARINE CLAY DEPOSITS,1981 0428 4779 BCH Blackfan Street
64-24,49.0,55,GLACIOFLUVIAL (SAND) DEPOSITS,1981 0428 4779 BCH Blackfan Street
2,0.0,5.0,FILL,1981 0428 4779 BCH Blackfan Street
2,5.0,12.0,MARINE SAND DEPOSITS,1981 0428 4779 BCH Blackfan Street
2,12.0,37.0, MARINE CLAY DEPOSITS,1981 0428 4779 BCH Blackfan Street
2,37.0,53.0,GLACIOFLUVIAL (SAND) DEPOSITS,1981 0428 4779 BCH Blackfan Street
2,53.0,54,GLACIAL TILL,1981 0428 4779 BCH Blackfan Street
3,0.0,2.0,FILL,1981 0428 4779 BCH Blackfan Street
3,2.0,12.0,MARINE SAND DEPOSITS,1981 0428 4779 BCH Blackfan Street
3,12.0,39.0, MARINE CLAY DEPOSITS,1981 0428 4779 BCH Blackfan Street
3,39.0,53.0,GLACIOFLUVIAL (SAND) DEPOSITS,1981 0428 4779 BCH Blackfan Street
3,53.0,58.8,GLACIAL TILL,1981 0428 4779 BCH Blackfan Street
4,0.0,8.0,FILL,1981 0428 4779 BCH Blackfan Street
4,8.0,43.0, MARINE CLAY DEPOSITS,1981 0428 4779 BCH Blackfan Street
4,43.0,55,GLACIOFLUVIAL (SAND) DEPOSITS,1981 0428 4779 BCH Blackfan Street
6,0.0,7.0,MARINE SAND DEPOSITS,1981 0428 4779 BCH Blackfan Street
6,7.0,34.0, MARINE CLAY DEPOSITS,1981 0428 4779 BCH Blackfan Street
6,34.0,50.0,GLACIOFLUVIAL (SAND) DEPOSITS,1981 0428 4779 BCH Blackfan Street
6,50.0,54,GLACIAL TILL,1981 0428 4779 BCH Blackfan Street
7,0.0,7.0,MARINE SAND DEPOSITS,1981 0428 4779 BCH Blackfan Street
7,7.0,43.0, MARINE CLAY DEPOSITS,1981 0428 4779 BCH Blackfan Street
7,43.0,52.0,GLACIOFLUVIAL (SAND) DEPOSITS,1981 0428 4779 BCH Blackfan Street
7,52.0,53.1,GLACIAL TILL,1981 0428 4779 BCH Blackfan Street
8,0.0,9.0,FILL,1981 0428 4779 BCH Blackfan Street
8,9.0,20.0,MARINE SAND DEPOSITS,1981 0428 4779 BCH Blackfan Street
8,20.0,39.0, MARINE CLAY DEPOSITS,1981 0428 4779 BCH Blackfan Street
8,39.0,52.0,GLACIOFLUVIAL (SAND) DEPOSITS,1981 0428 4779 BCH Blackfan Street
8,52.0,54.5,GLACIAL TILL,1981 0428 4779 BCH Blackfan Street
10A,0.0,10.0,FILL,1981 0428 4779 BCH Blackfan Street
10A,10.0,35.0, MARINE CLAY DEPOSITS,1981 0428 4779 BCH Blackfan Street
10A,35.0,60.0,GLACIOFLUVIAL (SAND) DEPOSITS,1981 0428 4779 BCH Blackfan Street
10A,60.0,65.2,GLACIAL TILL,1981 0428 4779 BCH Blackfan Street
11,0.0,1.0,FILL,1981 0428 4779 BCH Blackfan Street
11,1.0,23.0,MARINE SAND DEPOSITS,1981 0428 4779 BCH Blackfan Street
11,23.0,35.0, MARINE CLAY DEPOSITS,1981 0428 4779 BCH Blackfan Street
11,35.0,67.9,GLACIOFLUVIAL (SAND) DEPOSITS,1981 0428 4779 BCH Blackfan Street
12,0.0,1.0,FILL,1981 0428 4779 BCH Blackfan Street
12,1.0,34.0, MARINE CLAY DEPOSITS,1981 0428 4779 BCH Blackfan Street
12,34.0,49.0,GLACIOFLUVIAL (SAND) DEPOSITS,1981 0428 4779 BCH Blackfan Street
12,49.0,64,GLACIAL TILL,1981 0428 4779 BCH Blackfan Street
14,0.0,5.0,MARINE SAND DEPOSITS,1981 0428 4779 BCH Blackfan Street
14,5.0,32.0, MARINE CLAY DEPOSITS,1981 0428 4779 BCH Blackfan Street
14,32.0,60.0,GLACIOFLUVIAL (SAND) DEPOSITS,1981 0428 4779 BCH Blackfan Street
14,60.0,69.2,GLACIAL TILL,1981 0428 4779 BCH Blackfan Street
15,0.0,5.0,ORGANIC DEPOSITS,1981 0428 4779 BCH Blackfan Street
15,5.0,45.0, MARINE CLAY DEPOSITS,1981 0428 4779 BCH Blackfan Street
15,45.0,60.0,GLACIOFLUVIAL (SAND) DEPOSITS,1981 0428 4779 BCH Blackfan Street
15,60.0,67.3,GLACIAL TILL,1981 0428 4779 BCH Blackfan Street
B-1,0.0,5.0,FILL,1981 0428 4779 BCH Blackfan Street
B-1,5.0,10.0,MARINE SAND DEPOSITS,1981 0428 4779 BCH Blackfan Street
B-1,10.0,55.0, MARINE CLAY DEPOSITS,1981 0428 4779 BCH Blackfan Street
B-1,55.0,71.5,GLACIOFLUVIAL (SAND) DEPOSITS,1981 0428 4779 BCH Blackfan Street
TB-2,0.0,0.2,FILL,1981 0428 4779 BCH Blackfan Street
TB-2,0.2,60.0, MARINE CLAY DEPOSITS,1981 0428 4779 BCH Blackfan Street
TB-2,60.0,67,GLACIOFLUVIAL (SAND) DEPOSITS,1981 0428 4779 BCH Blackfan Street
TB-3,0.0,7.5,FILL,1981 0428 4779 BCH Blackfan Street
TB-3,7.5,27.0,MARINE SAND DEPOSITS,1981 0428 4779 BCH Blackfan Street
TB-3,27.0,51.5, MARINE CLAY DEPOSITS,1981 0428 4779 BCH Blackfan Street
TB-3,51.5,62,GLACIOFLUVIAL (SAND) DEPOSITS,1981 0428 4779 BCH Blackfan Street
B-4,0.0,5.0,FILL,1981 0428 4779 BCH Blackfan Street
B-4,5.0,10.0,MARINE SAND DEPOSITS,1981 0428 4779 BCH Blackfan Street
B-4,10.0,35.0, MARINE CLAY DEPOSITS,1981 0428 4779 BCH Blackfan Street
B-4,35.0,61.5,GLACIAL TILL,1981 0428 4779 BCH Blackfan Street
B-5,0.0,5.0,FILL,1981 0428 4779 BCH Blackfan Street
B-5,5.0,19.0,MARINE SAND DEPOSITS,1981 0428 4779 BCH Blackfan Street
B-5,19.0,60.0, MARINE CLAY DEPOSITS,1981 0428 4779 BCH Blackfan Street
B-5,60.0,66.5,GLACIAL TILL,1981 0428 4779 BCH Blackfan Street
B-6,0.0,10.0,FILL,1981 0428 4779 BCH Blackfan Street
B-6,10.0,15.0,ORGANIC DEPOSITS,1981 0428 4779 BCH Blackfan Street
B-6,15.0,10.0,MARINE SAND DEPOSITS,1981 0428 4779 BCH Blackfan Street
B-6,10.0,34.5, MARINE CLAY DEPOSITS,1981 0428 4779 BCH Blackfan Street
B-6,34.5,66,GLACIAL TILL,1981 0428 4779 BCH Blackfan Street
B-7,0.0,15.0,FILL,1981 0428 4779 BCH Blackfan Street
B-7,15.0,50.0, MARINE CLAY DEPOSITS,1981 0428 4779 BCH Blackfan Street
B-7,50.0,55.0,GLACIOFLUVIAL (SAND) DEPOSITS,1981 0428 4779 BCH Blackfan Street
B-7,55.0,66.5,GLACIAL TILL,1981 0428 4779 BCH Blackfan Street
B-8,0.0,5.0,FILL,1981 0428 4779 BCH Blackfan Street
B-8,5.0,19.0,MARINE SAND DEPOSITS,1981 0428 4779 BCH Blackfan Street
B-8,19.0,47, MARINE CLAY DEPOSITS,1981 0428 4779 BCH Blackfan Street
588,0.0,11.0,FILL,1981 0428 4779 BCH Blackfan Street
588,11.0,12.5,ORGANIC DEPOSITS,1981 0428 4779 BCH Blackfan Street
588,12.5,16.5, MARINE CLAY DEPOSITS,1981 0428 4779 BCH Blackfan Street
604,0.0,7.5,FILL,1981 0428 4779 BCH Blackfan Street
604,7.5,15.0,MARINE SAND DEPOSITS,1981 0428 4779 BCH Blackfan Street
604,15.0,37, MARINE CLAY DEPOSITS,1981 0428 4779 BCH Blackfan Street
607,0.0,4.5,FILL,1981 0428 4779 BCH Blackfan Street
607,4.5,18.0,MARINE SAND DEPOSITS,1981 0428 4779 BCH Blackfan Street
607,18.0,25, MARINE CLAY DEPOSITS,1981 0428 4779 BCH Blackfan Street
771,0.0,22.0,MARINE SAND DEPOSITS,1981 0428 4779 BCH Blackfan Street
771,22.0,27.0, MARINE CLAY DEPOSITS,1981 0428 4779 BCH Blackfan Street
771,27.0,34.0,GLACIOFLUVIAL (SAND) DEPOSITS,1981 0428 4779 BCH Blackfan Street
771,34.0,37,GLACIAL TILL,1981 0428 4779 BCH Blackfan Street
933,0.0,3.3,FILL,1981 0428 4779 BCH Blackfan Street
933,3.3,19.0,MARINE SAND DEPOSITS,1981 0428 4779 BCH Blackfan Street
933,19.0,26, MARINE CLAY DEPOSITS,1981 0428 4779 BCH Blackfan Street
163,0.0,39, MARINE CLAY DEPOSITS,1981 0428 4779 BCH Blackfan Street
83-1,0.0,1.0,FILL,1984 0404 5240 Longwood North Office
83-1,1.0,27, MARINE CLAY DEPOSITS,1984 0404 5240 Longwood North Office
101,0.0,5.0,FILL,1984 0404 5240 Longwood North Office
101,5.0,40.0, MARINE CLAY DEPOSITS,1984 0404 5240 Longwood North Office
101,40.0,45.2,GLACIAL TILL,1984 0404 5240 Longwood North Office
102,0.0,11.0,FILL,1984 0404 5240 Longwood North Office
102,11.0,14.0,ORGANIC DEPOSITS,1984 0404 5240 Longwood North Office
102,14.0,38.0, MARINE CLAY DEPOSITS,1984 0404 5240 Longwood North Office
102,38.0,41.0,GLACIOFLUVIAL (SAND) DEPOSITS,1984 0404 5240 Longwood North Office
102,41.0,49.5,GLACIAL TILL,1984 0404 5240 Longwood North Office
103,0.0,13.5,FILL,1984 0404 5240 Longwood North Office
103,13.5,19.5,ORGANIC DEPOSITS,1984 0404 5240 Longwood North Office
103,19.5,27,MARINE SAND DEPOSITS,1984 0404 5240 Longwood North Office
201,0.0,25.0,FILL,1984 0404 5240 Longwood North Office
201,25.0,9.5,MARINE SAND DEPOSITS,1984 0404 5240 Longwood North Office
201,9.5,30.5, MARINE CLAY DEPOSITS,1984 0404 5240 Longwood North Office
202,0.0,4.5,FILL,1984 0404 5240 Longwood North Office
202,4.5,22, MARINE CLAY DEPOSITS,1984 0404 5240 Longwood North Office
203,0.0,18.5,FILL,1984 0404 5240 Longwood North Office
203,18.5,27, MARINE CLAY DEPOSITS,1984 0404 5240 Longwood North Office
204,0.0,14.0,FILL,1984 0404 5240 Longwood North Office
204,14.0,16.5,ORGANIC DEPOSITS,1984 0404 5240 Longwood North Office
204,16.5,23.5, MARINE CLAY DEPOSITS,1984 0404 5240 Longwood North Office
204,23.5,27,GLACIAL TILL,1984 0404 5240 Longwood North Office
205,0.0,8.0,FILL,1984 0404 5240 Longwood North Office
205,8.0,44.0, MARINE CLAY DEPOSITS,1984 0404 5240 Longwood North Office
205,44.0,52,GLACIOFLUVIAL (SAND) DEPOSITS,1984 0404 5240 Longwood North Office
206,0.0,2.5,FILL,1984 0404 5240 Longwood North Office
206,2.5,27, MARINE CLAY DEPOSITS,1984 0404 5240 Longwood North Office
207,0.0,4.7,FILL,1984 0404 5240 Longwood North Office
207A,0.0,18.5,FILL,1984 0404 5240 Longwood North Office
207A,18.5,27,MARINE SAND DEPOSITS,1984 0404 5240 Longwood North Office
208,0.0,5.5,FILL,1984 0404 5240 Longwood North Office
208,5.5,41.0, MARINE CLAY DEPOSITS,1984 0404 5240 Longwood North Office
208,41.0,47,GLACIOFLUVIAL (SAND) DEPOSITS,1984 0404 5240 Longwood North Office
209,0.0,15.0,FILL,1984 0404 5240 Longwood North Office
209,15.0,27, MARINE CLAY DEPOSITS,1984 0404 5240 Longwood North Office
210,0.0,17.0,FILL,1984 0404 5240 Longwood North Office
210,17.0,20.0,ORGANIC DEPOSITS,1984 0404 5240 Longwood North Office
210,20.0,58.0, MARINE CLAY DEPOSITS,1984 0404 5240 Longwood North Office
210,58.0,63,GLACIAL TILL,1984 0404 5240 Longwood North Office
B-1,0.0,8.0,FILL,1988 0205 659800 BWH Academic II
B-1,8.0,38.0,MARINE SAND DEPOSITS,1988 0205 659800 BWH Academic II
B-1,38.0,52,GLACIOFLUVIAL (SAND) DEPOSITS,1988 0205 659800 BWH Academic II
B-2,0.0,3.0,FILL,1988 0205 659800 BWH Academic II
B-2,3.0,27,MARINE SAND DEPOSITS,1988 0205 659800 BWH Academic II
B-3,0.0,7.0,FILL,1988 0205 659800 BWH Academic II
B-3,7.0,10.0,MARINE SAND DEPOSITS,1988 0205 659800 BWH Academic II
B-3,10.0,43.5, MARINE CLAY DEPOSITS,1988 0205 659800 BWH Academic II
B-3,43.5,82,GLACIOFLUVIAL (SAND) DEPOSITS,1988 0205 659800 BWH Academic II
B-4,0.0,4.0,FILL,1988 0205 659800 BWH Academic II
B-4,4.0,27,MARINE SAND DEPOSITS,1988 0205 659800 BWH Academic II
B101,0.0,15.0,FILL,1992 1116 10689 BIDMC Geo Tech Report
B101,15.0,50.2, MARINE CLAY DEPOSITS,1992 1116 10689 BIDMC Geo Tech Report
B101,50.2,50.2,GLACIOFLUVIAL (SAND) DEPOSITS,1992 1116 10689 BIDMC Geo Tech Report
B101,50.2,115.0,GLACIAL TILL,1992 1116 10689 BIDMC Geo Tech Report
B101,115.0,141,BEDROCK,1992 1116 10689 BIDMC Geo Tech Report
B102,0.0,6.1,FILL,1992 1116 10689 BIDMC Geo Tech Report
B102,6.1,23.0,MARINE SAND DEPOSITS,1992 1116 10689 BIDMC Geo Tech Report
B102,23.0,57.3, MARINE CLAY DEPOSITS,1992 1116 10689 BIDMC Geo Tech Report
B102,57.3,62.0,GLACIOFLUVIAL (SAND) DEPOSITS,1992 1116 10689 BIDMC Geo Tech Report
B102,62.0,98.0,GLACIAL TILL,1992 1116 10689 BIDMC Geo Tech Report
B102,98.0,120,BEDROCK,1992 1116 10689 BIDMC Geo Tech Report
B103,0.0,9.0,FILL,1992 1116 10689 BIDMC Geo Tech Report
B103,9.0,23.5,MARINE SAND DEPOSITS,1992 1116 10689 BIDMC Geo Tech Report
B103,23.5,49.0, MARINE CLAY DEPOSITS,1992 1116 10689 BIDMC Geo Tech Report
B103,49.0,59.0,GLACIOFLUVIAL (SAND) DEPOSITS,1992 1116 10689 BIDMC Geo Tech Report
B103,59.0,112.5,GLACIAL TILL,1992 1116 10689 BIDMC Geo Tech Report
B103,112.5,135,BEDROCK,1992 1116 10689 BIDMC Geo Tech Report
B104,0.0,10.5,FILL,1992 1116 10689 BIDMC Geo Tech Report
B104,10.5,35.0,MARINE SAND DEPOSITS,1992 1116 10689 BIDMC Geo Tech Report
B104,35.0,61.5, MARINE CLAY DEPOSITS,1992 1116 10689 BIDMC Geo Tech Report
B104,61.5,61.5,GLACIOFLUVIAL (SAND) DEPOSITS,1992 1116 10689 BIDMC Geo Tech Report
B104,61.5,113.5,GLACIAL TILL,1992 1116 10689 BIDMC Geo Tech Report
B104,113.5,151,BEDROCK,1992 1116 10689 BIDMC Geo Tech Report
B105,0.0,9.2,FILL,1992 1116 10689 BIDMC Geo Tech Report
B105,9.2,19.0,MARINE SAND DEPOSITS,1992 1116 10689 BIDMC Geo Tech Report
B105,19.0,72.5, MARINE CLAY DEPOSITS,1992 1116 10689 BIDMC Geo Tech Report
B105,72.5,72.5,GLACIOFLUVIAL (SAND) DEPOSITS,1992 1116 10689 BIDMC Geo Tech Report
B105,72.5,92.5,GLACIAL TILL,1992 1116 10689 BIDMC Geo Tech Report
B105,92.5,117,BEDROCK,1992 1116 10689 BIDMC Geo Tech Report
B106,0.0,14.0,FILL,1992 1116 10689 BIDMC Geo Tech Report
B106,14.0,50.5,MARINE SAND DEPOSITS,1992 1116 10689 BIDMC Geo Tech Report
B106,50.5,84.0, MARINE CLAY DEPOSITS,1992 1116 10689 BIDMC Geo Tech Report
B106,84.0,87.0,GLACIOFLUVIAL (SAND) DEPOSITS,1992 1116 10689 BIDMC Geo Tech Report
B106,87.0,117.5,GLACIAL TILL,1992 1116 10689 BIDMC Geo Tech Report
B106,117.5,143.5,BEDROCK,1992 1116 10689 BIDMC Geo Tech Report
B107,0.0,12.0,FILL,1992 1116 10689 BIDMC Geo Tech Report
B107,12.0,34.2,MARINE SAND DEPOSITS,1992 1116 10689 BIDMC Geo Tech Report
B107,34.2,98.0, MARINE CLAY DEPOSITS,1992 1116 10689 BIDMC Geo Tech Report
B107,98.0,105.0,GLACIOFLUVIAL (SAND) DEPOSITS,1992 1116 10689 BIDMC Geo Tech Report
B107,105.0,123.0,GLACIAL TILL,1992 1116 10689 BIDMC Geo Tech Report
B107,123.0,145,BEDROCK,1992 1116 10689 BIDMC Geo Tech Report
B201,0.0,14.0,FILL,1992 1116 10689 BIDMC Geo Tech Report
B201,14.0,24.0,MARINE SAND DEPOSITS,1992 1116 10689 BIDMC Geo Tech Report
B201,24.0,43.0, MARINE CLAY DEPOSITS,1992 1116 10689 BIDMC Geo Tech Report
B201,43.0,49.0,GLACIOFLUVIAL (SAND) DEPOSITS,1992 1116 10689 BIDMC Geo Tech Report
B201,49.0,119.0,GLACIAL TILL,1992 1116 10689 BIDMC Geo Tech Report
B201,119.0,125.4,BEDROCK,1992 1116 10689 BIDMC Geo Tech Report
B202,0.0,10.0,FILL,1992 1116 10689 BIDMC Geo Tech Report
B202,10.0,30.0,MARINE SAND DEPOSITS,1992 1116 10689 BIDMC Geo Tech Report
B202,30.0,51.0, MARINE CLAY DEPOSITS,1992 1116 10689 BIDMC Geo Tech Report
B202,51.0,62.0,GLACIOFLUVIAL (SAND) DEPOSITS,1992 1116 10689 BIDMC Geo Tech Report
B202,62.0,118.2,GLACIAL TILL,1992 1116 10689 BIDMC Geo Tech Report
B202,118.2,124,BEDROCK,1992 1116 10689 BIDMC Geo Tech Report
B203,0.0,8.5,FILL,1992 1116 10689 BIDMC Geo Tech Report
B203,8.5,29.0,MARINE SAND DEPOSITS,1992 1116 10689 BIDMC Geo Tech Report
B203,29.0,68.0, MARINE CLAY DEPOSITS,1992 1116 10689 BIDMC Geo Tech Report
B203,68.0,68.0,GLACIOFLUVIAL (SAND) DEPOSITS,1992 1116 10689 BIDMC Geo Tech Report
B203,68.0,85.7,GLACIAL TILL,1992 1116 10689 BIDMC Geo Tech Report
B203,85.7,92.1,BEDROCK,1992 1116 10689 BIDMC Geo Tech Report
B204,0.0,7.0,FILL,1992 1116 10689 BIDMC Geo Tech Report
B204,7.0,26.8,MARINE SAND DEPOSITS,1992 1116 10689 BIDMC Geo Tech Report
B204,26.8,57.0, MARINE CLAY DEPOSITS,1992 1116 10689 BIDMC Geo Tech Report
B204,57.0,67.3,GLACIOFLUVIAL (SAND) DEPOSITS,1992 1116 10689 BIDMC Geo Tech Report
B204,67.3,111.0,GLACIAL TILL,1992 1116 10689 BIDMC Geo Tech Report
B204,111.0,118,BEDROCK,1992 1116 10689 BIDMC Geo Tech Report
B205,0.0,11.5,FILL,1992 1116 10689 BIDMC Geo Tech Report
B205,11.5,37.6,MARINE SAND DEPOSITS,1992 1116 10689 BIDMC Geo Tech Report
B205,37.6,62.400000000000006, MARINE CLAY DEPOSITS,1992 1116 10689 BIDMC Geo Tech Report
B205,62.400000000000006,67.7,GLACIOFLUVIAL (SAND) DEPOSITS,1992 1116 10689 BIDMC Geo Tech Report
B205,67.7,116.5,GLACIAL TILL,1992 1116 10689 BIDMC Geo Tech Report
B205,116.5,121.5,BEDROCK,1992 1116 10689 BIDMC Geo Tech Report
B206,0.0,13.0,FILL,1992 1116 10689 BIDMC Geo Tech Report
B206,13.0,32.5,MARINE SAND DEPOSITS,1992 1116 10689 BIDMC Geo Tech Report
B206,32.5,64.0, MARINE CLAY DEPOSITS,1992 1116 10689 BIDMC Geo Tech Report
B206,64.0,75.5,GLACIOFLUVIAL (SAND) DEPOSITS,1992 1116 10689 BIDMC Geo Tech Report
B206,75.5,118.2,GLACIAL TILL,1992 1116 10689 BIDMC Geo Tech Report
B206,118.2,124,BEDROCK,1992 1116 10689 BIDMC Geo Tech Report
B207,0.0,9.0,FILL,1992 1116 10689 BIDMC Geo Tech Report
B207,9.0,47.5,MARINE SAND DEPOSITS,1992 1116 10689 BIDMC Geo Tech Report
B207,47.5,71.5, MARINE CLAY DEPOSITS,1992 1116 10689 BIDMC Geo Tech Report
B207,71.5,71.5,GLACIOFLUVIAL (SAND) DEPOSITS,1992 1116 10689 BIDMC Geo Tech Report
B207,71.5,76,GLACIAL TILL,1992 1116 10689 BIDMC Geo Tech Report
B208,0.0,10.0,FILL,1992 1116 10689 BIDMC Geo Tech Report
B208,10.0,67.0,MARINE SAND DEPOSITS,1992 1116 10689 BIDMC Geo Tech Report
B208,67.0,87.0, MARINE CLAY DEPOSITS,1992 1116 10689 BIDMC Geo Tech Report
B208,87.0,87.0,GLACIOFLUVIAL (SAND) DEPOSITS,1992 1116 10689 BIDMC Geo Tech Report
B208,87.0,94,GLACIAL TILL,1992 1116 10689 BIDMC Geo Tech Report
B209,0.0,12.0,FILL,1992 1116 10689 BIDMC Geo Tech Report
B209,12.0,52.0,MARINE SAND DEPOSITS,1992 1116 10689 BIDMC Geo Tech Report
B209,52.0,87.2, MARINE CLAY DEPOSITS,1992 1116 10689 BIDMC Geo Tech Report
B209,87.2,87.2,GLACIOFLUVIAL (SAND) DEPOSITS,1992 1116 10689 BIDMC Geo Tech Report
B209,87.2,95,GLACIAL TILL,1992 1116 10689 BIDMC Geo Tech Report
1,0.0,12.0,FILL,1991 0421 11112 RGV Harvard Matep
1,12.0,14.5,ORGANIC DEPOSITS,1991 0421 11112 RGV Harvard Matep
1,14.5,35.5, MARINE CLAY DEPOSITS,1991 0421 11112 RGV Harvard Matep
1,35.5,48.5,GLACIOFLUVIAL (SAND) DEPOSITS,1991 0421 11112 RGV Harvard Matep
1,48.5,52,GLACIAL TILL,1991 0421 11112 RGV Harvard Matep
2,0.0,10.0,FILL,1991 0421 11112 RGV Harvard Matep
2,10.0,15.0,ORGANIC DEPOSITS,1991 0421 11112 RGV Harvard Matep
2,15.0,36.0, MARINE CLAY DEPOSITS,1991 0421 11112 RGV Harvard Matep
2,36.0,45.0,GLACIOFLUVIAL (SAND) DEPOSITS,1991 0421 11112 RGV Harvard Matep
2,45.0,58.1,GLACIAL TILL,1991 0421 11112 RGV Harvard Matep
3,0.0,15.0,FILL,1991 0421 11112 RGV Harvard Matep
3,15.0,33.0, MARINE CLAY DEPOSITS,1991 0421 11112 RGV Harvard Matep
3,33.0,54.0,GLACIOFLUVIAL (SAND) DEPOSITS,1991 0421 11112 RGV Harvard Matep
3,54.0,59,GLACIAL TILL,1991 0421 11112 RGV Harvard Matep
4,0.0,2.0,FILL,1991 0421 11112 RGV Harvard Matep
4,2.0,17.5, MARINE CLAY DEPOSITS,1991 0421 11112 RGV Harvard Matep
4,17.5,54.9,GLACIOFLUVIAL (SAND) DEPOSITS,1991 0421 11112 RGV Harvard Matep
5,0.0,3.5,FILL,1991 0421 11112 RGV Harvard Matep
5,3.5,35.0, MARINE CLAY DEPOSITS,1991 0421 11112 RGV Harvard Matep
5,35.0,55.1,GLACIOFLUVIAL (SAND) DEPOSITS,1991 0421 11112 RGV Harvard Matep
6,0.0,0.5,FILL,1991 0421 11112 RGV Harvard Matep
6,0.5,30.0, MARINE CLAY DEPOSITS,1991 0421 11112 RGV Harvard Matep
6,30.0,53.5,GLACIOFLUVIAL (SAND) DEPOSITS,1991 0421 11112 RGV Harvard Matep
CW-1,0.0,4.5,FILL,1991 0421 11112 RGV Harvard Matep
CW-1,4.5,19.0, MARINE CLAY DEPOSITS,1991 0421 11112 RGV Harvard Matep
CW-1,19.0,48.0,GLACIOFLUVIAL (SAND) DEPOSITS,1991 0421 11112 RGV Harvard Matep
CW-1,48.0,52,GLACIAL TILL,1991 0421 11112 RGV Harvard Matep
CW-2,0.0,7.0,FILL,1991 0421 11112 RGV Harvard Matep
CW-2,7.0,26.0, MARINE CLAY DEPOSITS,1991 0421 11112 RGV Harvard Matep
CW-2,26.0,52,GLACIOFLUVIAL (SAND) DEPOSITS,1991 0421 11112 RGV Harvard Matep
CW-3,0.0,4.0,FILL,1991 0421 11112 RGV Harvard Matep
CW-3,4.0,32.0, MARINE CLAY DEPOSITS,1991 0421 11112 RGV Harvard Matep
CW-3,32.0,36,GLACIOFLUVIAL (SAND) DEPOSITS,1991 0421 11112 RGV Harvard Matep
101,0.0,4.0,FILL,Confidential Historic geologic infor from PIRC
101,4.0,9.0,ORGANIC DEPOSITS,Confidential Historic geologic infor from PIRC
101,9.0,13.0,MARINE SAND DEPOSITS,Confidential Historic geologic infor from PIRC
101,13.0,40.0, MARINE CLAY DEPOSITS,Confidential Historic geologic infor from PIRC
101,40.0,59.0,GLACIAL TILL,Confidential Historic geologic infor from PIRC
101,59.0,64,BEDROCK,Confidential Historic geologic infor from PIRC
102,0.0,39.0, MARINE CLAY DEPOSITS,Confidential Historic geologic infor from PIRC
102,39.0,44,GLACIAL TILL,Confidential Historic geologic infor from PIRC
103,0.0,3.0,FILL,Confidential Historic geologic infor from PIRC
103,3.0,25.5, MARINE CLAY DEPOSITS,Confidential Historic geologic infor from PIRC
103,25.5,31.0,GLACIAL TILL,Confidential Historic geologic infor from PIRC
103,31.0,36,BEDROCK,Confidential Historic geologic infor from PIRC
104,0.0,3.0,FILL,Confidential Historic geologic infor from PIRC
104,3.0,25.5, MARINE CLAY DEPOSITS,Confidential Historic geologic infor from PIRC
104,25.5,29.5,GLACIAL TILL,Confidential Historic geologic infor from PIRC
106,0.0,3.0,FILL,Confidential Historic geologic infor from PIRC
106,3.0,24.0, MARINE CLAY DEPOSITS,Confidential Historic geologic infor from PIRC
106,24.0,34.0,GLACIOFLUVIAL (SAND) DEPOSITS,Confidential Historic geologic infor from PIRC
106,34.0,54,GLACIAL TILL,Confidential Historic geologic infor from PIRC
107,0.0,7.5,FILL,Confidential Historic geologic infor from PIRC
107,7.5,38, MARINE CLAY DEPOSITS,Confidential Historic geologic infor from PIRC
109,0.0,7.0,FILL,Confidential Historic geologic infor from PIRC
109,7.0,15.0,MARINE SAND DEPOSITS,Confidential Historic geologic infor from PIRC
109,15.0,22.0, MARINE CLAY DEPOSITS,Confidential Historic geologic infor from PIRC
109,22.0,52,GLACIAL TILL,Confidential Historic geologic infor from PIRC
113,0.0,2.0,FILL,Confidential Historic geologic infor from PIRC
113,2.0,13.0,MARINE SAND DEPOSITS,Confidential Historic geologic infor from PIRC
113,13.0,22.0, MARINE CLAY DEPOSITS,Confidential Historic geologic infor from PIRC
113,22.0,40.0,GLACIAL TILL,Confidential Historic geologic infor from PIRC
113,40.0,42.0,WEATHERED BEDROCK,Confidential Historic geologic infor from PIRC
113,42.0,47,BEDROCK,Confidential Historic geologic infor from PIRC
B-1,0.0,38.0,FILL,Soils Report-Mcphail
B-1,38.0,14.0,MARINE SAND DEPOSITS,Soils Report-Mcphail
B-1,14.0,20.0, MARINE CLAY DEPOSITS,Soils Report-Mcphail
B-1,20.0,51.0,GLACIOFLUVIAL (SAND) DEPOSITS,Soils Report-Mcphail
B-1,51.0,102,GLACIAL TILL,Soils Report-Mcphail
B-2,0.0,13.5,FILL,Soils Report-Mcphail
B-2,13.5,13.5,MARINE SAND DEPOSITS,Soils Report-Mcphail
B-2,13.5,48.5, MARINE CLAY DEPOSITS,Soils Report-Mcphail
B-2,48.5,88.6,GLACIOFLUVIAL (SAND) DEPOSITS,Soils Report-Mcphail
B-3,0.0,22.5,FILL,Soils Report-Mcphail
B-3,22.5,8.5,MARINE SAND DEPOSITS,Soils Report-Mcphail
B-3,8.5,45.0, MARINE CLAY DEPOSITS,Soils Report-Mcphail
B-3,45.0,48.0,GLACIOFLUVIAL (SAND) DEPOSITS,Soils Report-Mcphail
B-3,48.0,78.5,GLACIAL TILL,Soils Report-Mcphail
B-3,78.5,84.5,BEDROCK,Soils Report-Mcphail
B-4,0.0,23.5,FILL,Soils Report-Mcphail
B-4,23.5,9.0,MARINE SAND DEPOSITS,Soils Report-Mcphail
B-4,9.0,52.0, MARINE CLAY DEPOSITS,Soils Report-Mcphail
B-4,52.0,100,GLACIAL TILL,Soils Report-Mcphail
B-5,0.0,40.0,FILL,Soils Report-Mcphail
B-5,40.0,14.0,MARINE SAND DEPOSITS,Soils Report-Mcphail
B-5,14.0,50.5, MARINE CLAY DEPOSITS,Soils Report-Mcphail
B-5,50.5,86.0,GLACIAL TILL,Soils Report-Mcphail
B-5,86.0,91,BEDROCK,Soils Report-Mcphail
B-6,0.0,13.0,FILL,Soils Report-Mcphail
B-6,13.0,48.5, MARINE CLAY DEPOSITS,Soils Report-Mcphail
B-6,48.5,64.5,GLACIAL TILL,Soils Report-Mcphail
B-6,64.5,70.5,BEDROCK,Soils Report-Mcphail
B-7,0.0,9.5,FILL,Soils Report-Mcphail
B-7,9.5,54.0,MARINE SAND DEPOSITS,Soils Report-Mcphail
B-7,54.0,55.5, MARINE CLAY DEPOSITS,Soils Report-Mcphail
B-7,55.5,90.4,GLACIAL TILL,Soils Report-Mcphail
B-8,0.0,36.0,FILL,Soils Report-Mcphail
B-8,36.0,14.0,MARINE SAND DEPOSITS,Soils Report-Mcphail
B-8,14.0,54.0, MARINE CLAY DEPOSITS,Soils Report-Mcphail
B-8,54.0,84.5,GLACIAL TILL,Soils Report-Mcphail
B-9,0.0,32.0,FILL,Soils Report-Mcphail
B-9,32.0,8.0,MARINE SAND DEPOSITS,Soils Report-Mcphail
B-9,8.0,44.0, MARINE CLAY DEPOSITS,Soils Report-Mcphail
B-9,44.0,68,GLACIAL TILL,Soils Report-Mcphail
101,0.0,9.5,FILL,Soils Report-Mcphail
101,9.5,17, MARINE CLAY DEPOSITS,Soils Report-Mcphail
102,0.0,7.5,FILL,Soils Report-Mcphail
102,7.5,10.5, MARINE CLAY DEPOSITS,Soils Report-Mcphail
103,0.0,10.5,FILL,Soils Report-Mcphail
103,10.5,17, MARINE CLAY DEPOSITS,Soils Report-Mcphail
104,0.0,13.0,FILL,Soils Report-Mcphail
104,13.0,19, MARINE CLAY DEPOSITS,Soils Report-Mcphail
105,0.0,14.0,FILL,Soils Report-Mcphail
105,14.0,22, MARINE CLAY DEPOSITS,Soils Report-Mcphail
B-106,0.0,9.0,FILL,Soils Report-Mcphail
B-106,9.0,11, MARINE CLAY DEPOSITS,Soils Report-Mcphail
B-107,0.0,14.0,FILL,Soils Report-Mcphail
B-107,14.0,16, MARINE CLAY DEPOSITS,Soils Report-Mcphail
B-108,0.0,7.0,FILL,Soils Report-Mcphail
B-108,7.0,16, MARINE CLAY DEPOSITS,Soils Report-Mcphail
B-109,0.0,18.0,FILL,Soils Report-Mcphail
B-109,18.0,5.0,MARINE SAND DEPOSITS,Soils Report-Mcphail
B-109,5.0,52.5, MARINE CLAY DEPOSITS,Soils Report-Mcphail
B-109,52.5,62,GLACIAL TILL,Soils Report-Mcphail
B-110,0.0,10.0,FILL,Soils Report-Mcphail
B-110,10.0,17, MARINE CLAY DEPOSITS,Soils Report-Mcphail
B-111,0.0,12.5,FILL,Soils Report-Mcphail
B-111,12.5,17, MARINE CLAY DEPOSITS,Soils Report-Mcphail
B-112,0.0,14.5,FILL,Soils Report-Mcphail
B-112,14.5,33.0, MARINE CLAY DEPOSITS,Soils Report-Mcphail
B-112,33.0,51.0,GLACIOFLUVIAL (SAND) DEPOSITS,Soils Report-Mcphail
B-112,51.0,62,GLACIAL TILL,Soils Report-Mcphail
B-113,0.0,16.5,FILL,Soils Report-Mcphail
B-113,16.5,22, MARINE CLAY DEPOSITS,Soils Report-Mcphail
B-114,0.0,14.0,FILL,Soils Report-Mcphail
B-114,14.0,21, MARINE CLAY DEPOSITS,Soils Report-Mcphail
B-114-LS-A,0.0,6.0,FILL,Soils Report-Mcphail
B-114-LS-A,6.0,14, MARINE CLAY DEPOSITS,Soils Report-Mcphail
B-115,0.0,9.0,FILL,Soils Report-Mcphail
B-115,9.0,17,MARINE SAND DEPOSITS,Soils Report-Mcphail
B-116,0.0,8.0,FILL,Soils Report-Mcphail
B-116,8.0,15, MARINE CLAY DEPOSITS,Soils Report-Mcphail
B-117,0.0,8.5,FILL,Soils Report-Mcphail
B-117,8.5,15, MARINE CLAY DEPOSITS,Soils Report-Mcphail
B-118,0.0,13.55,FILL,Soils Report-Mcphail
B-118,13.55,20, MARINE CLAY DEPOSITS,Soils Report-Mcphail
B-119,0.0,14.5,FILL,Soils Report-Mcphail
B-119,14.5,21.5, MARINE CLAY DEPOSITS,Soils Report-Mcphail
B-120,0.0,12.0,FILL,Soils Report-Mcphail
B-120,12.0,14, MARINE CLAY DEPOSITS,Soils Report-Mcphail
B-121,0.0,14.0,FILL,Soils Report-Mcphail
B-121,14.0,16,GLACIOFLUVIAL (SAND) DEPOSITS,Soils Report-Mcphail
B-122,0.0,4.0,FILL,Soils Report-Mcphail
B-122,4.0,8, MARINE CLAY DEPOSITS,Soils Report-Mcphail
B-123,0.0,23.5,FILL,Soils Report-Mcphail
B-123,23.5,6.5,MARINE SAND DEPOSITS,Soils Report-Mcphail
B-123,6.5,53.5, MARINE CLAY DEPOSITS,Soils Report-Mcphail
B-123,53.5,60,GLACIOFLUVIAL (SAND) DEPOSITS,Soils Report-Mcphail
B-124,0.0,9.5,FILL,Soils Report-Mcphail
B-124,9.5,22, MARINE CLAY DEPOSITS,Soils Report-Mcphail
B-125,0.0,13.5,FILL,Soils Report-Mcphail
B-125,13.5,20, MARINE CLAY DEPOSITS,Soils Report-Mcphail
B-126,0.0,16.5,FILL,Soils Report-Mcphail
B-126,16.5,53.0, MARINE CLAY DEPOSITS,Soils Report-Mcphail
B-126,53.0,65.2,GLACIAL TILL,Soils Report-Mcphail
B-129,0.0,9.0,FILL,Soils Report-Mcphail
B-129,9.0,20, MARINE CLAY DEPOSITS,Soils Report-Mcphail
B-130,0.0,9.0,FILL,Soils Report-Mcphail
B-130,9.0,17, MARINE CLAY DEPOSITS,Soils Report-Mcphail
B-131,0.0,13.0,FILL,Soils Report-Mcphail
B-131,13.0,20, MARINE CLAY DEPOSITS,Soils Report-Mcphail
B-132,0.0,11.0,FILL,Soils Report-Mcphail
B-132,11.0,20, MARINE CLAY DEPOSITS,Soils Report-Mcphail
B-133,0.0,13.5,FILL,Soils Report-Mcphail
B-133,13.5,19, MARINE CLAY DEPOSITS,Soils Report-Mcphail
B-136,0.0,14.0,FILL,Soils Report-Mcphail
B-136,14.0,20, MARINE CLAY DEPOSITS,Soils Report-Mcphail
B-136-A,0.0,15.0,FILL,Soils Report-Mcphail
B-136-A,15.0,16.5,MARINE SAND DEPOSITS,Soils Report-Mcphail
B-136-B,0.0,12.5,FILL,Soils Report-Mcphail
B136-C,0.0,10.0,FILL,Soils Report-Mcphail
B136-C,10.0,12, MARINE CLAY DEPOSITS,Soils Report-Mcphail
B-136-D,0.0,11.0,FILL,Soils Report-Mcphail
B-136-D,11.0,11,ORGANIC DEPOSITS,Soils Report-Mcphail
B-137,0.0,15.0,FILL,Soils Report-Mcphail
B-137,15.0,57,MARINE SAND DEPOSITS,Soils Report-Mcphail
B-138,0.0,13.0,FILL,Soils Report-Mcphail
B-138,13.0,20,GLACIAL TILL,Soils Report-Mcphail
B-139,0.0,13.5,FILL,Soils Report-Mcphail
B-139,13.5,20, MARINE CLAY DEPOSITS,Soils Report-Mcphail
B-140,0.0,13.5,FILL,Soils Report-Mcphail
B-140,13.5,49.0, MARINE CLAY DEPOSITS,Soils Report-Mcphail
B-140,49.0,57,GLACIAL TILL,Soils Report-Mcphail
